ACTION;gb;name;status;verdict;used_by;workflows;category;duplicate;duplicate_detail;backup;risk;note;reason;redownload;relpath
;61.73;minimax_h3_fl2va_bf16.safetensors;LOADED;KEEP;demo: minimax_h3_raven_streaming_t2va.json | auto-downloaded by ComfyUI-MiniMax-H3-RAVEN-Streaming;1;diffusion_models;BUILD;same model, other build on disk: minimax_h3_fl2va_pruned_int8_convrot.safetensors (19.53 GB, 3 wf);no;high;;"Full non-pruned BF16 MiniMax H3 DiT (text->video+audio); the RAVEN streaming pack's README states the pruned int8 copy is REJECTED by its loader (no time_embedder for the 266-module adapter), so the demo workflow minimax_h3_raven_streaming_t2va.json cannot fall back to it.";Comfy-Org/MiniMax-H3 (diffusion_models/minimax_h3_fl2va_bf16.safetensors);models/diffusion_models/minimax_h3_fl2va_bf16.safetensors
;42.98;ltx-2.3-22b-dev.safetensors;LOADED;REVIEW;candidate: video_edit_ltx_2_5_iclora_union_control_distilled.json, video_edit_ltx_2_5_v2v_iclora_single_stage_distilled.json | comfyui_staged: LTX-2.5_T2V_I2V_Two_Stage_Distilled.json | auto-downloaded by ComfyUI-LTXVideo, comfyui-manager;3;checkpoints;BUILD;same model, other build on disk: ltx-2.3-22b-dev-fp8.safetensors (27.14 GB, 3 wf);no;low;;FALSE 'used': its only three workflow hits are a GemmaAPITextEncode widget string (an LTX cloud-API model name) inside candidate subgraphs — no CheckpointLoader anywhere loads it, and it is the bf16 twin of ltx-2.3-22b-dev-fp8 which is in production and is the only variant that fits a 32 GB card.;Lightricks/LTX-2.3;models/checkpoints/ltx-2.3-22b-dev.safetensors
;40.31;ltx-2-19b-distilled.safetensors;LOADED;REVIEW;candidate: video_edit_ltx2_v2v_canny_control.json, video_edit_ltx2_v2v_depth_control.json | auto-downloaded by ComfyUI-LTXVideo, comfyui-manager;2;checkpoints;;;no;medium;;Previous-generation LTX-2 19B distilled video model, loaded only by two candidate/A_INTEGRER canny+depth control experiments (and bypassed, mode 4, in the depth one) — superseded by the LTX 2.3 fp8 pair in production.;Lightricks/LTX-2;models/checkpoints/ltx-2-19b-distilled.safetensors
;38.05;qwen_image_edit_2511_bf16.safetensors;LOADED;KEEP;comfyq: image_edit_qwen_multiple_character_angles;1;diffusion_models;;;yes;high;;"Qwen-Image-Edit 2511 in bf16 - the UNET behind the production comfyq bundle qwen_multiple_character_angles (re-camera a subject from a described viewpoint); 38 GB exceeds the 5090's 32 GB so ComfyUI weight-streams it.";Comfy-Org/Qwen-Image-Edit_ComfyUI;models/diffusion_models/qwen_image_edit_2511_bf16.safetensors
;33.14;mistral_3_small_flux2_bf16.safetensors;LOADED;REVIEW;comfyq: image_edit_flux2_dev_image_edit;1;text_encoders;BUILD;same model, other build on disk: mistral_3_small_flux2_fp8.safetensors (16.80 GB, 1 wf);yes;high;;Genuinely executed by flux2_dev_image_edit.api.json, but its 16.8 GB fp8 twin already ships on this rig and drives flux2_dev_t2i — repointing that one CLIPLoader in the image-edit api.json + template to the fp8 file reclaims 33.1 GB, the single biggest win in this group, at the cost of a tiny text-encoder precision drop on a production bundle.;Comfy-Org FLUX.2-dev ComfyUI repack (split_files/text_encoders/) — verify;models/text_encoders/mistral_3_small_flux2_bf16.safetensors
;33.02;flux2_dev_fp8mixed.safetensors;LOADED;KEEP;comfyq: image_edit_flux2_dev_image_edit, image_flux2_dev_t2i;2;diffusion_models;;;yes;high;;Flux.2 Dev fp8mixed UNET powering two production comfyq bundles (flux2_dev_t2i and flux2_dev_image_edit), both rig-verified with calibrated runtimes.;Comfy-Org/flux2-dev;models/diffusion_models/flux2_dev_fp8mixed.safetensors
;27.5;ltx-2.3-22b-distilled-fp8.safetensors;LOADED;KEEP;comfyq: video_edit_ltx2_3_3dreal_vid2vid, video_edit_ltx2_3_ic_lora_vid2vid, video_ltx2_3_flf2v | candidate: video_ltx2_3_ic_lora_ingredients.json | comfyui_staged: video_ltx2_3_ic_lora_vid2vid_template.json | auto-downloaded by comfyui-manager;5;checkpoints;;;yes;high;;fp8 few-step distilled LTX 2.3 22B, loaded by three live ComfyQ bundles (flf2v, ic_lora_vid2vid, 3dReal_vid2vid) — the fast video path students actually run.;Lightricks/LTX-2.3-fp8;models/checkpoints/ltx-2.3-22b-distilled-fp8.safetensors
;27.14;ltx-2.3-22b-dev-fp8.safetensors;LOADED;KEEP;comfyq: video_ltx2_3_i2v, video_ltx2_3_ia2v_iclora, video_ltx2_3_t2v | auto-downloaded by WhatDreamsCost-ComfyUI, comfyui-manager;3;checkpoints;BUILD;same model, other build on disk: ltx-2.3-22b-dev.safetensors (42.98 GB, 3 wf);yes;high;;fp8 LTX 2.3 22B video DiT loaded by CheckpointLoaderSimple in three live ComfyQ bundles (video_ltx2_3_i2v, _ia2v_iclora, _t2v) — text/image→video with audio.;Lightricks/LTX-2.3-fp8;models/checkpoints/ltx-2.3-22b-dev-fp8.safetensors
;25.22;ltx-2-19b-dev-fp8.safetensors;LOADED;REVIEW;candidate: video_edit_ltx2_v2v_canny_control.json, video_edit_ltx2_v2v_depth_control.json | auto-downloaded by comfyui-manager;2;checkpoints;;;no;medium;;Previous-generation LTX-2 19B dev model, the active stage of the same two candidate/A_INTEGRER v2v canny/depth control experiments and referenced by nothing in comfyq or demo — pairs with the distilled file above, so it is one keep-both-or-delete-both decision worth 65.5 GB.;Lightricks/LTX-2;models/checkpoints/ltx-2-19b-dev-fp8.safetensors
;23.49;ltx-2.3-22b-distilled-1.1_transformer_only_fp8_scaled.safetensors;AUTO-DOWNLOAD;DELETE;auto-downloaded by WhatDreamsCost-ComfyUI;0;diffusion_models;;;no;medium;;"FALSE used - its only reference is WhatDreamsCost-ComfyUI/example_workflows/, a pack used by 0 of 181 workflows; every production LTX 2.3 bundle loads ltx-2.3-22b-distilled-fp8 / -dev-fp8 from models/checkpoints/ (confirmed present) plus the 1.1 distill LoRA already on the rig.";Comfy-Org/ltx-2.3 (split_files/diffusion_models);models/diffusion_models/ltx-2.3-22b-distilled-1.1_transformer_only_fp8_scaled.safetensors
;22.39;TencentARC_Pixal3D;AUTO-DOWNLOAD;KEEP;auto-downloaded by ComfyUI-Trellis2;0;Pixal3D;;;yes;high;;"The comfyq production bundle 3d_pixal3d_image_to_mesh sets model_repo=""TencentARC/Pixal3D"" — this is the exact weights it loads.";TencentARC/Pixal3D;models/Pixal3D/TencentARC_Pixal3D
;22.17;flux1-dev.safetensors;LOADED;KEEP;demo: asasr_super_resolution.json | auto-downloaded by ComfyUI-ASASR, ComfyUI-GGUF;1;diffusion_models;;;no;high;;"FLUX.1-dev bf16 UNET - genuinely required by demo:asasr_super_resolution.json and hard-listed as a required model by ComfyUI-ASASR/asasr_models.py; note it is GATED on HuggingFace, so re-downloading is not one-click.";black-forest-labs/FLUX.1-dev (gated) or Comfy-Org/flux1-dev;models/diffusion_models/flux1-dev.safetensors
;20.03;ltx-2.5-22b-distilled-transformer-comfy-int8-convrot.safetensors;LOADED;KEEP;candidate: video_edit_ltx_2_5_iclora_union_control_distilled.json, video_edit_ltx_2_5_v2v_iclora_single_stage_distilled.json, video_ltx2_5_flf2v.json, video_ltx2_5_i2v.json, video_ltx2_5_t2v.json | comfyui_staged: LTX-2.5_T2V_I2V_Two_Stage_Distilled.json | auto-downloaded by comfyui-manager;6;diffusion_models;;;no;medium;;LTX 2.5 22B distilled transformer - the most-referenced candidate model (6 workflows: t2v/i2v/flf2v/IC-LoRA union control/two-stage), clearly the active next-gen video line, though justified only by the Downloads staging folder so far.;Lightricks/LTX-2.5 (diffusion_models/);models/diffusion_models/ltx-2.5-22b-distilled-transformer-comfy-int8-convrot.safetensors
;19.53;minimax_h3_fl2va_pruned_int8_convrot.safetensors;LOADED;KEEP;comfyq: video_minimax_h3_t2v_turbo | candidate: video_minimax_h3_i2v_4step_working.json, video_minimax_h3_t2v_turbo_4step_working.json | auto-downloaded by ComfyUI-OrbitSheets;3;diffusion_models;BUILD;same model, other build on disk: minimax_h3_fl2va_bf16.safetensors (61.73 GB, 1 wf);no;high;;Pruned int8 MiniMax H3 first/last-frame+audio DiT - the transformer behind the production comfyq bundle video_minimax_h3_t2v_turbo (34 s warm, 4-step turbo LoRA), plus two candidate WORKING workflows.;Comfy-Org/MiniMax-H3;models/diffusion_models/minimax_h3_fl2va_pruned_int8_convrot.safetensors
;19.53;minimax_h3_ref2va_pruned_int8_convrot.safetensors;LOADED;KEEP;candidate: video_edit_minimax_h3_fun_controlnet_union.json, video_edit_minimax_h3_v2v_video_reference.json | comfyui_staged: minimax_h3_v2v_video_reference_4step_WORKING.json, video_minimax_h3_fun_controlnet_union_pose.json | demo: HR-Endless-Sampler_LONG.json, HR-Endless-Sampler_QUICKTEST.json | auto-downloaded by ComfyUI-HR-Endless-Sampler;6;diffusion_models;LINEAGE;different weights, same job: Minimax-h3_Singularity_ref2va_Pruned_v1.3_int8.safetensors (19.53 GB, 1 wf);no;high;;Pruned int8 H3 reference-to-video+audio DiT (style/subject reference drives the clip) - required by both demo HR-Endless-Sampler workflows and two candidate reference-video workflows.;Comfy-Org/MiniMax-H3;models/diffusion_models/minimax_h3_ref2va_pruned_int8_convrot.safetensors
;19.53;Minimax-h3_Singularity_ref2va_Pruned_v1.3_int8.safetensors;LOADED;KEEP;comfyui_staged: video_edit_minimax_h3_v2v_video_reference.json;1;diffusion_models;LINEAGE;different weights, same job: minimax_h3_ref2va_pruned_int8_convrot.safetensors (19.53 GB, 6 wf);no;medium;;Third-party 'Singularity v1.3' community fine-tune of the H3 ref2va model - zero references anywhere, and the official pruned ref2va int8 (kept above) provides the same capability.;unknown -- community fine-tune, check the original download page before deleting;models/diffusion_models/Minimax-h3_Singularity_ref2va_Pruned_v1.3_int8.safetensors
;19.03;qwen_image_edit_2509_fp8_e4m3fn.safetensors;LOADED;KEEP;comfyq: image_edit_qwen_multiple_scene_angles | candidate: utility_marigold_v2_depth.json, utility_marigold_v2_normals.json | auto-downloaded by comfyui-manager;3;diffusion_models;;;yes;high;;"Qwen-Image-Edit 2509 fp8 - the UNET behind the production comfyq bundle qwen_multiple_scene_angles (re-camera a scene); the comfyui-manager code match is catalog noise but the comfyq workflow reference is real.";Comfy-Org/Qwen-Image-Edit_ComfyUI;models/diffusion_models/qwen_image_edit_2509_fp8_e4m3fn.safetensors
;19.03;qwen_image_edit_fp8_e4m3fn.safetensors;AUTO-DOWNLOAD;DELETE;auto-downloaded by comfyui-manager;0;diffusion_models;;;no;low;;"FALSE used - the original pre-2509 Qwen-Image-Edit, matched ONLY by comfyui-manager/model-list.json (a download catalogue); superseded by the 2509 and 2511 editors that production actually loads.";Comfy-Org/Qwen-Image-Edit_ComfyUI;models/diffusion_models/qwen_image_edit_fp8_e4m3fn.safetensors
;19.03;qwen_image_fp8_e4m3fn.safetensors;AUTO-DOWNLOAD;DELETE;auto-downloaded by comfyui-manager;0;diffusion_models;;;no;low;;"FALSE used - the original Qwen-Image base t2i, matched ONLY by comfyui-manager/model-list.json; verified 0 hits across comfyq, demo and candidate.";Comfy-Org/Qwen-Image_ComfyUI;models/diffusion_models/qwen_image_fp8_e4m3fn.safetensors
;18.82;wan_2.1_idv2v_int8_convrot.safetensors;LOADED;REVIEW;candidate: video_edit_idv2v_01_restyle_compare.json, video_edit_idv2v_02_restyle_hires_clean.json | comfyui_staged: idv2v_01_restyle_compare.json, idv2v_02_restyle_hires_clean.json;4;diffusion_models;;;no;medium;;Wan 2.1 identity-preserving video-to-video restyle - 18.8 GB justified ONLY by two candidate staging workflows (idv2v_01_restyle_compare, idv2v_02_restyle_hires_clean), and video restyle is already served in production by Bernini-R and by Wan-Animate 2 in staging.;unknown -- int8_convrot line, check the original download page before deleting;models/diffusion_models/wan_2.1_idv2v_int8_convrot.safetensors
;17.14;Wan2_2-Animate-14B_fp8_e4m3fn_scaled_KJ.safetensors;AUTO-DOWNLOAD;DELETE;auto-downloaded by ComfyUI-WanVideoWrapper;0;diffusion_models;;;no;low;;"FALSE used - Kijai's fp8 repack of Wan2.2-Animate, matched ONLY by ComfyUI-WanVideoWrapper/example_workflows/; that pack is used by 0 of 181 workflows, and the candidate Wan-Animate work runs on wan_animate_2_int8_convrot instead.";Kijai/WanVideo_comfy;models/diffusion_models/Wan2_2-Animate-14B_fp8_e4m3fn_scaled_KJ.safetensors
;16.8;mistral_3_small_flux2_fp8.safetensors;LOADED;KEEP;comfyq: image_flux2_dev_t2i;1;text_encoders;BUILD;same model, other build on disk: mistral_3_small_flux2_bf16.safetensors (33.14 GB, 1 wf);yes;low;;Executed by flux2_dev_t2i.api.json and the cheaper of the two Mistral encoders — this is the copy to consolidate onto, not away from.;Comfy-Org FLUX.2-dev ComfyUI repack (split_files/text_encoders/);models/text_encoders/mistral_3_small_flux2_fp8.safetensors
;16.5;TRELLIS.2-4B;AUTO-DOWNLOAD;KEEP;auto-downloaded by ComfyUI-Trellis2;0;microsoft;;;yes;high;;"The comfyq production bundle 3d_trellis2_image_to_textured_mesh sets modelname=""microsoft/TRELLIS.2-4B"" (image -> textured quad mesh).";microsoft/TRELLIS.2-4B;models/microsoft/TRELLIS.2-4B
;15.83;Wan2_1-I2V-14B-480P_fp8_e4m3fn.safetensors;AUTO-DOWNLOAD;DELETE;auto-downloaded by ComfyUI-WanVideoWrapper;0;diffusion_models;;;no;low;;"FALSE used - Kijai fp8 Wan 2.1 image-to-video 480p, matched ONLY by one WanVideoWrapper example workflow; the wrapper pack is referenced by no workflow in any collection.";Kijai/WanVideo_comfy;models/diffusion_models/Wan2_1-I2V-14B-480P_fp8_e4m3fn.safetensors
;15.51;wan2.1_14B_SCAIL_2_int8_convrot.safetensors;LOADED;REVIEW;candidate: video_edit_wan21_scail2_character_replacement_int8.json;1;diffusion_models;;;no;medium;;"SCAIL-2 character replacement in video (swap a person in a clip) - a distinct capability with no substitute on the rig, but justified by exactly one candidate staging workflow; promote it to a comfyq bundle or drop it.";Comfy-Org/SCAIL-2 (upstream zai-org/SCAIL-2);models/diffusion_models/wan2.1_14B_SCAIL_2_int8_convrot.safetensors
;15.51;wan_animate_2_distill_int8_convrot.safetensors;LOADED;KEEP;candidate: video_edit_wan_animate2_distilled.json;1;diffusion_models;;;no;medium;;"4-step distilled Wan-Animate 2 (drive a character image with a performance video) - the fast variant, used by candidate:video_wan_animate2_distilled.json; if you keep only one of the Wan-Animate pair, keep this one.";Comfy-Org/Wan-Animate-2;models/diffusion_models/wan_animate_2_distill_int8_convrot.safetensors
;15.51;wan_animate_2_int8_convrot.safetensors;LOADED;REVIEW;comfyui_staged: video_wan_animate2.json;1;diffusion_models;;;no;medium;;"Full-step Wan-Animate 2, same capability as the distilled sibling above at higher quality/slower; both are candidate-only, so keeping both costs 31 GB for one staging experiment.";Comfy-Org/Wan-Animate-2;models/diffusion_models/wan_animate_2_int8_convrot.safetensors
;15.45;qwen_2.5_vl_7b.safetensors;AUTO-DOWNLOAD;DELETE;auto-downloaded by comfyui-manager;0;text_encoders;BUILD;same model, other build on disk: qwen_2.5_vl_7b_fp8_scaled.safetensors (8.74 GB, 2 wf);no;low;;"FALSE 'used' — the sole match is comfyui-manager's model-list.json download catalogue (line 5971), not real usage; both Qwen-Edit bundles run the 8.74 GB fp8_scaled twin, so this full-precision copy is 15.45 GB of pure duplication.";https://huggingface.co/Comfy-Org/Qwen-Image_ComfyUI/resolve/main/split_files/text_encoders/qwen_2.5_vl_7b.safetensors;models/text_encoders/qwen_2.5_vl_7b.safetensors
;15.35;seedvr2_ema_7b_sharp_fp16.safetensors;LOADED;KEEP;comfyq: utility_seedvr2_4k_upscale | auto-downloaded by seedvr2_videoupscaler;1;SEEDVR2;;;yes;high;;The 7B diffusion super-resolution DiT behind the comfyq production bundle image_seedvr2_4k_upscale (image -> 4K), verified on rig.;numz/SeedVR2_comfyUI (auto-downloaded by the seedvr2_videoupscaler pack);models/SEEDVR2/seedvr2_ema_7b_sharp_fp16.safetensors
;15.28;Wan21-WanMove_fp8_scaled_e4m3fn_KJ.safetensors;AUTO-DOWNLOAD;KEEP;auto-downloaded by ComfyUI-WanVideoWrapper;0;diffusion_models;;;no;medium;;"FALSE used - Kijai WanMove (motion-transfer i2v), matched ONLY by a WanVideoWrapper example; CAVEAT: a rendered VID_WanMove_00001_.mp4 sits in _demo_workflows, so the owner did run it once from that example - confirm they are done with it.";Kijai/WanVideo_comfy;models/diffusion_models/Wan21-WanMove_fp8_scaled_e4m3fn_KJ.safetensors
;15.27;wan2.1_i2v_480p_14B_fp8_scaled.safetensors;LOADED;KEEP;comfyui_staged: wan2.1 rotate lora.json | auto-downloaded by comfyui-manager;1;diffusion_models;;;no;medium;;"FALSE used - comfy-core Wan 2.1 i2v 480p, matched ONLY by comfyui-manager's catalogue; the ComfyQ bundle that used it (video_wan_rotate_lora, the 360-degree LoRA) was removed in the workflow-tree cleanup, so nothing loads it now.";Comfy-Org/Wan_2.1_ComfyUI_repackaged;models/diffusion_models/wan2.1_i2v_480p_14B_fp8_scaled.safetensors
;14.61;qwen3vl_32b_minimax_h3_nvfp4_awq.safetensors;LOADED;KEEP;comfyq: video_minimax_h3_t2v_turbo | candidate: video_edit_minimax_h3_fun_controlnet_union.json, video_edit_minimax_h3_v2v_video_reference.json, video_minimax_h3_i2v_4step_working.json, video_minimax_h3_t2v_turbo_4step_working.json | comfyui_staged: minimax_h3_v2v_video_reference_4step_WORKING.json, video_edit_minimax_h3_v2v_video_reference.json, video_minimax_h3_fun_controlnet_union_pose.json | demo: HR-Endless-Sampler_LONG.json, HR-Endless-Sampler_QUICKTEST.json, minimax_h3_raven_streaming_t2va.json | auto-downloaded by ComfyUI-HR-Endless-Sampler, ComfyUI-MiniMax-H3-RAVEN-Streaming, ComfyUI-OrbitSheets;11;text_encoders;;;no;low;;"The 32B VL encoder for MiniMax H3 omni-modal video+audio generation — production bundle video_minimax_h3_t2v_turbo, two demo graphs, four candidate graphs, and auto-referenced by the HR-Endless-Sampler and RAVEN-Streaming packs; the single most cross-referenced encoder here.";Comfy-Org/MiniMax-H3 (text_encoders/);models/text_encoders/qwen3vl_32b_minimax_h3_nvfp4_awq.safetensors
;14.51;wan2.2_bernini_r_high_noise_fp8_scaled.safetensors;LOADED;KEEP;comfyq: image_edit_bernini_r_image_editing, image_edit_bernini_r_image_editing_with_reference, video_edit_bernini_r_video_editing, video_edit_bernini_r_video_editing_ref_autoprompt, video_edit_bernini_r_video_editing_with_reference | comfyui_staged: bernini_r_image_editing.json, berninir_video_edit_ref_image_autoprompt.json, test.json;8;diffusion_models;;;yes;high;;High-noise half of the Bernini-R dual-sampler pair - required by FIVE rig-verified production comfyq bundles (image editing x2, video editing x3 incl. the autoprompt variant).;Comfy-Org/Bernini-R (diffusion_models/);models/diffusion_models/wan2.2_bernini_r_high_noise_fp8_scaled.safetensors
;14.51;wan2.2_bernini_r_low_noise_fp8_scaled.safetensors;LOADED;KEEP;comfyq: image_edit_bernini_r_image_editing, image_edit_bernini_r_image_editing_with_reference, video_edit_bernini_r_video_editing, video_edit_bernini_r_video_editing_ref_autoprompt, video_edit_bernini_r_video_editing_with_reference | comfyui_staged: bernini_r_image_editing.json, berninir_video_edit_ref_image_autoprompt.json, test.json;8;diffusion_models;;;yes;high;;"Low-noise half of the same Bernini-R pair; deleting either half breaks all five production editing bundles.";Comfy-Org/Bernini-R (diffusion_models/);models/diffusion_models/wan2.2_bernini_r_low_noise_fp8_scaled.safetensors
;14.32;gemma4-12b-with-proj-ltx-2.5-comfy-int8-convrot.safetensors;LOADED;REVIEW;candidate: video_edit_ltx_2_5_iclora_union_control_distilled.json, video_edit_ltx_2_5_v2v_iclora_single_stage_distilled.json, video_ltx2_5_flf2v.json, video_ltx2_5_i2v.json, video_ltx2_5_t2v.json | comfyui_staged: LTX-2.5_T2V_I2V_Two_Stage_Distilled.json | auto-downloaded by comfyui-manager;6;text_encoders;;;no;high;;The mandatory main text encoder (Gemma 4 12B with projection baked in) for LTX 2.5, whose transformer ltx-2.5-22b-distilled-transformer is already on disk — but it is justified ONLY by 6 candidate graphs, three of them in A_INTEGRER/ (i.e. queued for ComfyQ promotion): delete it and LTX 2.5 is dead until re-downloaded.;https://huggingface.co/Lightricks/LTX-2.5/resolve/main/text_encoders/gemma4-12b-with-proj-ltx-2.5-comfy-int8-convrot.safetensors;models/text_encoders/gemma4-12b-with-proj-ltx-2.5-comfy-int8-convrot.safetensors
;13.84;Wan2_1-T2V-14B_fp8_e4m3fn.safetensors;AUTO-DOWNLOAD;REVIEW;auto-downloaded by ComfyUI-WanVideoWrapper;0;diffusion_models;;;no;low;;"FALSE used - Kijai fp8 Wan 2.1 text-to-video, matched ONLY by ComfyUI-WanVideoWrapper/example_workflows/wanvideo_2_1_14B_pusa_I2V_example_01.json; the wrapper pack is unused by every workflow collection.";Kijai/WanVideo_comfy;models/diffusion_models/Wan2_1-T2V-14B_fp8_e4m3fn.safetensors
;13.31;wan2.2_i2v_high_noise_14B_fp8_scaled.safetensors;LOADED;KEEP;comfyq: video_wan22_4_key_frames | comfyui_staged: templates-4-key-frames_autoprompt.json, video_wan22_4_key-frames_template.json | auto-downloaded by comfyui-manager;3;diffusion_models;;;yes;high;;High-noise half of the Wan 2.2 i2v pair driving the production comfyq bundle video_wan22_4_key-frames (4 key frames -> 3 chained FLF2V segments).;Comfy-Org/Wan_2.2_ComfyUI_Repackaged (split_files/diffusion_models);models/diffusion_models/wan2.2_i2v_high_noise_14B_fp8_scaled.safetensors
;13.31;wan2.2_i2v_low_noise_14B_fp8_scaled.safetensors;LOADED;KEEP;comfyq: video_wan22_4_key_frames | comfyui_staged: templates-4-key-frames_autoprompt.json, video_wan22_4_key-frames_template.json | auto-downloaded by comfyui-manager;3;diffusion_models;;;yes;high;;"Low-noise half of the same production i2v pair; both halves load in every one of the three FLF2V segments.";Comfy-Org/Wan_2.2_ComfyUI_Repackaged (split_files/diffusion_models);models/diffusion_models/wan2.2_i2v_low_noise_14B_fp8_scaled.safetensors
;13.31;wan2.2_t2v_high_noise_14B_fp8_scaled.safetensors;AUTO-DOWNLOAD;REVIEW;auto-downloaded by comfyui-manager;0;diffusion_models;;;no;medium;;"FALSE used (comfyui-manager catalogue only, 0 workflow hits) - Wan 2.2 pure text-to-video; a mainstream base capability nothing currently uses, and the i2v pair you keep does NOT cover prompt-only generation.";Comfy-Org/Wan_2.2_ComfyUI_Repackaged (split_files/diffusion_models);models/diffusion_models/wan2.2_t2v_high_noise_14B_fp8_scaled.safetensors
;13.31;wan2.2_t2v_low_noise_14B_fp8_scaled.safetensors;AUTO-DOWNLOAD;REVIEW;auto-downloaded by comfyui-manager;0;diffusion_models;;;no;medium;;"Low-noise half of the Wan 2.2 t2v pair - same false-used finding; treat the 26.6 GB pair as one decision.";Comfy-Org/Wan_2.2_ComfyUI_Repackaged (split_files/diffusion_models);models/diffusion_models/wan2.2_t2v_low_noise_14B_fp8_scaled.safetensors
;12.24;krea2_turbo_fp8_scaled.safetensors;LOADED;KEEP;comfyq: image_krea2_turbo_t2i_lora | candidate: utility_upscale_krea2_turbo_2mp_to_33mp.json | auto-downloaded by ComfyUI-Latent-Tiled-PiD, comfyui-krea2edit;2;diffusion_models;;;yes;high;;Krea-2 Turbo 8-step distilled t2i - the UNET behind the production comfyq bundle krea2_turbo_t2i_lora (the one with the dynamic krea2_* LoRA dropdown) plus three candidate workflows.;Comfy-Org/Krea-2;models/diffusion_models/krea2_turbo_fp8_scaled.safetensors
;12.02;Krea2_Turbo_convrot_int8mixed.safetensors;LOADED;KEEP;comfyui_staged: Image_DynamicCharacterSheet_krea2_v1.json | auto-downloaded by ComfyUI-OrbitSheets;1;diffusion_models;;;no;low;;"FALSE used - int8 duplicate of Krea-2 Turbo, matched ONLY by ComfyUI-OrbitSheets' bundled api_workflows/example_workflows (a pack used by 0 of 181 workflows, and its Python never loads those JSONs); the fp8_scaled build is the one production runs.";Comfy-Org/Krea-2;models/diffusion_models/Krea2_Turbo_convrot_int8mixed.safetensors
;11.46;z_image_turbo_bf16.safetensors;AUTO-DOWNLOAD;REVIEW;auto-downloaded by ComfyUI-Latent-Tiled-PiD;0;diffusion_models;;;no;medium;;"FALSE used - Z-Image Turbo (fast 6B text-to-image), matched ONLY by ComfyUI-Latent-Tiled-PiD's example workflows and README; verified 0 hits across all three collections, and t2i is well covered by Krea-2/Flux.2/Ideogram.";Comfy-Org/z_image_turbo (upstream Tongyi-MAI/Z-Image-Turbo) -- verify repo;models/diffusion_models/z_image_turbo_bf16.safetensors
;10.59;umt5_xxl_fp16.safetensors;AUTO-DOWNLOAD;DELETE;auto-downloaded by ComfyUI-WanVideoWrapper, comfyui-manager;0;text_encoders;BUILD;same model, other build on disk: umt5_xxl_fp8_e4m3fn_scaled.safetensors (6.27 GB, 19 wf);no;low;;"FALSE 'used' — its only hits are comfyui-manager's model-list.json catalogue and ComfyUI-WanVideoWrapper's bundled example_workflows; no ComfyQ/demo/candidate graph loads it, they all use the fp8_e4m3fn_scaled twin.";https://huggingface.co/Comfy-Org/Wan_2.1_ComfyUI_repackaged/resolve/main/split_files/text_encoders/umt5_xxl_fp16.safetensors;models/text_encoders/umt5_xxl_fp16.safetensors
;9.86;qwen3vl_8b_fp8_scaled.safetensors;LOADED;KEEP;comfyq: image_ideogram4_t2i | comfyui_staged: image_ideogram4_t2i.json;2;text_encoders;;;yes;low;;"Text encoder for the production image_ideogram4_t2i bundle (structured-JSON prompt t2i); nothing else can substitute for it.";Comfy-Org Qwen3-VL ComfyUI repack (text_encoders/);models/text_encoders/qwen3vl_8b_fp8_scaled.safetensors
;9.83;flashface.ckpt;AUTO-DOWNLOAD;DELETE;auto-downloaded by comfyui-nua-flashface;0;flashface;;;yes;low;;FlashFace SD1.5 zero-shot identity-preserving portrait generation. The comfyui-nua-flashface pack is used by ZERO workflows in all three collections (its 'used' flag comes only from the pack's own install.py), and identity/portrait work on this rig is served by LivePortrait and Qwen-Image-Edit instead. Biggest clean single-file win in this group.;shilongz/FlashFace-SD1.5 (flashface.ckpt — direct URL is in the pack's install.py);models/flashface/flashface.ckpt
;9.57;gemma4_e2b_it_bf16.safetensors;LOADED;REVIEW;candidate: video_edit_ltx_2_5_iclora_union_control_distilled.json, video_edit_ltx_2_5_v2v_iclora_single_stage_distilled.json | comfyui_staged: LTX-2.5_T2V_I2V_Two_Stage_Distilled.json | auto-downloaded by ComfyUI-LTXVideo;3;text_encoders;BUILD;same model, other build on disk: gemma4_e2b_it_int8_convrot.safetensors (4.84 GB, 3 wf);no;medium;;"Same LTX 2.5 prompt-enhancer model as gemma4_e2b_it_int8_convrot, just bf16 instead of int8 — only the three older LTX-2.5_*_Distilled.json templates in candidate point at it, while the newer A_INTEGRER/ graphs (the ones headed for ComfyQ) use the int8 file; repoint that one CLIPLoader widget if you ever open the old templates.";Lightricks/LTX-2.5 (text_encoders/);models/text_encoders/gemma4_e2b_it_bf16.safetensors
;9.31;wan2.2_ti2v_5B_fp16.safetensors;AUTO-DOWNLOAD;REVIEW;auto-downloaded by ComfyUI-WanVideoWrapper, comfyui-manager;0;diffusion_models;;;no;medium;;"FALSE used - Wan 2.2 TI2V 5B (combined t2v+i2v lightweight model) matched only by comfyui-manager's catalogue and one WanVideoWrapper example; the production 14B i2v pair covers the same job at higher quality.";Comfy-Org/Wan_2.2_ComfyUI_Repackaged (split_files/diffusion_models);models/diffusion_models/wan2.2_ti2v_5B_fp16.safetensors
;9.12;t5xxl_fp16.safetensors;LOADED;KEEP;demo: asasr_super_resolution.json | auto-downloaded by ComfyUI-ASASR, comfyui-manager;1;text_encoders;BUILD;same model, other build on disk: t5xxl_fp8_e4m3fn_scaled.safetensors (4.80 GB, 0 wf);no;low;;"Really used by demo:asasr_super_resolution.json and auto-loaded by the ComfyUI-ASASR pack; also the only remaining T5-XXL once the fp8 copy goes, so it stays as the encoder for flux1-dev.safetensors (present in diffusion_models).";https://huggingface.co/comfyanonymous/flux_text_encoders/resolve/main/t5xxl_fp16.safetensors;models/text_encoders/t5xxl_fp16.safetensors
;8.91;flux-2-klein-base-9b-fp8.safetensors;LOADED;KEEP;comfyq: image_edit_flux2_klein_9b_image_edit, image_edit_flux2_klein_9b_image_edit_ref, image_flux2_klein_9b_t2i | comfyui_staged: TextFlux_to_gaussian_splat .json, flux2_klein_9b_image_edit_ref_template.json, image_flux2_text_to_image_9b.json;6;diffusion_models;;;yes;high;;Flux.2 Klein base 9B fp8 - loaded by three production comfyq bundles (flux2_klein_9b_t2i, _image_edit, _image_edit_ref).;black-forest-labs/FLUX.2-klein-base-9b-fp8;models/diffusion_models/flux-2-klein-base-9b-fp8.safetensors
;8.8;gemma_3_12B_it_fp4_mixed.safetensors;LOADED;KEEP;comfyq: video_edit_ltx2_3_3dreal_vid2vid, video_edit_ltx2_3_ic_lora_vid2vid, video_ltx2_3_flf2v, video_ltx2_3_i2v, video_ltx2_3_ia2v_iclora, video_ltx2_3_t2v | candidate: video_edit_ltx2_v2v_canny_control.json, video_edit_ltx2_v2v_depth_control.json, video_ltx2_3_ic_lora_ingredients.json | comfyui_staged: video_ltx2_3_ic_lora_vid2vid_template.json | auto-downloaded by WhatDreamsCost-ComfyUI;10;text_encoders;;;yes;low;;The text encoder for the entire LTX 2.3 video family in production — 6 ComfyQ bundles (t2v, i2v, flf2v, ia2v_iclora, ic_lora_vid2vid, 3dReal_vid2vid) plus 3 candidate graphs load it.;Lightricks/LTX-2.3 (text_encoders/);models/text_encoders/gemma_3_12B_it_fp4_mixed.safetensors
;8.79;flux-2-klein-9b-fp8.safetensors;LOADED;KEEP;comfyq: image_edit_flux2_klein_inpaint_prompt, image_edit_flux2_klein_inpaint_reference, image_edit_flux2_klein_ref_control_depth | candidate: utility_upscale_flux2_klein_9b_tiled_pid.json | comfyui_staged: flux2_edit_mask_inpainting.json, flux2_inpainting.json, flux2_inpainting_plus_masking.json, flux2_klein_inpaint_prompt_example.json | auto-downloaded by ComfyUI-Latent-Tiled-PiD, ComfyUI_moebius_inpainting;8;diffusion_models;;;yes;high;;Flux.2 Klein 9B fp8 (non-base) - loaded by three production comfyq bundles: both inpaint variants and flux2_klein_ref_control_depth (pose transfer).;black-forest-labs/FLUX.2-klein-9b-fp8;models/diffusion_models/flux-2-klein-9b-fp8.safetensors
;8.74;qwen_2.5_vl_7b_fp8_scaled.safetensors;LOADED;KEEP;comfyq: image_edit_qwen_multiple_character_angles, image_edit_qwen_multiple_scene_angles | auto-downloaded by ComfyUI-Trellis2, comfyui-manager;2;text_encoders;BUILD;same model, other build on disk: qwen_2.5_vl_7b.safetensors (15.45 GB, 0 wf);yes;low;;Vision-language text encoder for both production camera-angle bundles (qwen_multiple_character_angles on the 2511 models, qwen_multiple_scene_angles on 2509) and auto-loaded by ComfyUI-Trellis2.;https://huggingface.co/Comfy-Org/Qwen-Image_ComfyUI/resolve/main/split_files/text_encoders/qwen_2.5_vl_7b_fp8_scaled.safetensors;models/text_encoders/qwen_2.5_vl_7b_fp8_scaled.safetensors
;8.64;ideogram4_unconditional_fp8_scaled.safetensors;LOADED;KEEP;comfyq: image_ideogram4_t2i | comfyui_staged: image_ideogram4_t2i.json;2;diffusion_models;;;yes;high;;"Unconditional branch of Ideogram 4.0 (the negative/CFG path) - the production comfyq bundle image_ideogram4_t2i loads it alongside the conditional model; deleting it breaks CFG in that bundle.";Comfy-Org/Ideogram-4;models/diffusion_models/ideogram4_unconditional_fp8_scaled.safetensors
;8.64;ideogram4_fp8_scaled.safetensors;LOADED;KEEP;comfyq: image_ideogram4_t2i | comfyui_staged: image_ideogram4_t2i.json;2;diffusion_models;;;yes;high;;Ideogram 4.0 conditional model - the structured-JSON text-to-image generator behind the production comfyq bundle image_ideogram4_t2i.;Comfy-Org/Ideogram-4;models/diffusion_models/ideogram4_fp8_scaled.safetensors
;8.59;stable_audio_3_medium.safetensors;LOADED;KEEP;comfyq: audio_stable_audio_3_medium | comfyui_staged: audio_stable_audio_3_medium.json;2;checkpoints;;;yes;high;;The text→audio model behind the live ComfyQ bundle audio_stable_audio_3_medium (api + template + meta all name it) — the rig's only served audio-generation workflow.;stabilityai/stable-audio-3-medium;models/checkpoints/stable_audio_3_medium.safetensors
;8.44;gemma4_e4b_it_fp8_scaled.safetensors;LOADED;KEEP;comfyq: describe_gemma4_image_description, describe_gemma4_video_description, video_edit_bernini_r_video_editing_ref_autoprompt | comfyui_staged: berninir_video_edit_ref_image_autoprompt.json, llm_gemma4_image_description.template.json, templates-4-key-frames_autoprompt.json, test.json;7;text_encoders;;;yes;low;;Powers three production ComfyQ bundles: both 'describe-it' captioners (llm_gemma4_image_description, llm_gemma4_video_description) and the Bernini-R ref_autoprompt editor that writes its own edit instruction.;Comfy-Org Gemma 4 text-encoder repack;models/text_encoders/gemma4_e4b_it_fp8_scaled.safetensors
;8.07;qwen_3_8b_fp8mixed.safetensors;LOADED;KEEP;comfyq: image_edit_flux2_klein_9b_image_edit, image_edit_flux2_klein_9b_image_edit_ref, image_edit_flux2_klein_inpaint_prompt, image_edit_flux2_klein_inpaint_reference, image_edit_flux2_klein_ref_control_depth, image_flux2_klein_9b_t2i | candidate: utility_upscale_flux2_klein_9b_tiled_pid.json | comfyui_staged: TextFlux_to_gaussian_splat .json, flux2_edit_mask_inpainting.json, flux2_inpainting.json, flux2_inpainting_plus_masking.json, flux2_klein_9b_image_edit_ref_template.json, flux2_klein_inpaint_prompt_example.json, image_flux2_text_to_image_9b.json | auto-downloaded by ComfyUI-Latent-Tiled-PiD, ComfyUI_moebius_inpainting;14;text_encoders;;;yes;low;;The text encoder for six production ComfyQ Klein bundles (t2i, image_edit, image_edit_ref, inpaint_prompt, inpaint_reference, ref_control_depth) — the most load-bearing encoder on the rig after umt5.;Comfy-Org FLUX.2-klein ComfyUI repack (split_files/text_encoders/);models/text_encoders/qwen_3_8b_fp8mixed.safetensors
;8.06;sd3.5_large_controlnet_blur.safetensors;AUTO-DOWNLOAD;DELETE;auto-downloaded by comfyui-manager;0;controlnet;;;yes;low;;"FALSE used: the only match is comfyui-manager's model-list.json download catalogue; there is no SD3.5 base model anywhere in models/, so this blur/deblur ControlNet cannot be loaded by anything.";stabilityai/stable-diffusion-3.5-controlnets;models/controlnet/sd3.5_large_controlnet_blur.safetensors
;8.06;sd3.5_large_controlnet_canny.safetensors;AUTO-DOWNLOAD;DELETE;auto-downloaded by comfyui-manager;0;controlnet;;;yes;low;;"FALSE used (comfyui-manager catalogue only); edge-guided generation for SD3.5 Large, but no SD3.5 checkpoint exists on the drive so it is unloadable.";stabilityai/stable-diffusion-3.5-controlnets;models/controlnet/sd3.5_large_controlnet_canny.safetensors
;8.06;sd3.5_large_controlnet_depth.safetensors;AUTO-DOWNLOAD;DELETE;auto-downloaded by comfyui-manager;0;controlnet;;;yes;low;;"FALSE used (comfyui-manager catalogue only); depth-guided generation for SD3.5 Large, orphaned by the absent base model. Depth control is already covered by flux2_klein_ref_control_depth in production.";stabilityai/stable-diffusion-3.5-controlnets;models/controlnet/sd3.5_large_controlnet_depth.safetensors
;7.76;seedvr2_7b_int8_convrot.safetensors;LOADED;REVIEW;candidate: utility_seedvr2_7b_int8_upscale_image.json;1;diffusion_models;;;no;low;;Duplicated capability: SeedVR2 7B diffusion super-resolution already exists on the rig as models/SEEDVR2/seedvr2_ema_7b_sharp_fp16 which the production image_seedvr2_4k_upscale bundle loads - this int8 native-ComfyUI route is justified only by one candidate workflow.;Comfy-Org/SeedVR2;models/diffusion_models/seedvr2_7b_int8_convrot.safetensors
;7.56;TRELLIS.2-4B-FP8;AUTO-DOWNLOAD;REVIEW;auto-downloaded by ComfyUI-Trellis2;0;visualbruno;;;yes;medium;;"FP8 low-VRAM quantisation of TRELLIS.2-4B — one of three options in the Trellis2LoadModel dropdown, but the production bundle picks the bf16 and the 5090 runs it fine with low_vram:true; only worth keeping if weaker GPUs must run this bundle.";visualbruno/TRELLIS.2-4B-FP8;models/visualbruno/TRELLIS.2-4B-FP8
;7.49;qwen_3_4b.safetensors;LOADED;REVIEW;comfyui_staged: image_flux2_klein_image_edit_4b_base.json, image_flux2_klein_image_edit_4b_base_unsampler.json | auto-downloaded by ComfyUI-Latent-Tiled-PiD;2;text_encoders;;;no;medium;;The CLIPLoader-type 'lumina2'/'flux2' encoder that z_image_turbo_bf16 and flux-2-klein-4b (both on disk) cannot run without, and which ComfyUI-Latent-Tiled-PiD's README documents as a stage-1 model — but it appears in no ComfyQ/demo/candidate workflow, only the pack's own example graphs.;unknown — check before deleting (ships with the Z-Image / FLUX.2 Klein 4B ComfyUI repacks);models/text_encoders/qwen_3_4b.safetensors
;7.22;flux-2-klein-4b.safetensors;AUTO-DOWNLOAD;REVIEW;auto-downloaded by ComfyUI-Latent-Tiled-PiD;0;diffusion_models;BUILD;same model, other build on disk: flux-2-klein-4b-fp8.safetensors (3.79 GB, 1 wf);no;medium;;"FALSE used - the small 4B Flux.2 Klein, matched ONLY by ComfyUI-Latent-Tiled-PiD's example workflow/README/docs; verified 0 hits in comfyq, demo and candidate, and all production Klein work runs on the 9B.";black-forest-labs/FLUX.2-klein-4b -- verify exact repo;models/diffusion_models/flux-2-klein-4b.safetensors
;7.22;flux-2-klein-base-4b.safetensors;LOADED;KEEP;comfyui_staged: image_flux2_klein_image_edit_4b_base.json, image_flux2_klein_image_edit_4b_base_unsampler.json;2;diffusion_models;;;no;medium;;"Base 4B Flux.2 Klein - completely unreferenced (no workflow, no node source); part of a 22 GB 4B line the rig never uses.";black-forest-labs/FLUX.2-klein-base-4b -- verify exact repo;models/diffusion_models/flux-2-klein-base-4b.safetensors
;7.15;ltx-2-19b-distilled-lora-384.safetensors;LOADED;REVIEW;candidate: video_edit_ltx2_v2v_canny_control.json, video_edit_ltx2_v2v_depth_control.json | auto-downloaded by ComfyUI-LTXVideo, comfyui-manager;2;loras;;;no;medium;;"Step-distillation LoRA for the superseded LTX-2 19B line; its only justification is two staging experiments in candidate/A_INTEGRER (canny + depth v2v control), and the 19B base checkpoints it needs are separately eating space in models/checkpoints.";https://huggingface.co/Lightricks/LTX-2/resolve/main/ltx-2-19b-distilled-lora-384.safetensors;models/loras/ltx-2-19b-distilled-lora-384.safetensors
;7.08;ltx-2.3-22b-distilled-lora-384-1.1.safetensors;AUTO-DOWNLOAD;DELETE;auto-downloaded by ComfyUI-LTXVideo, comfyui-manager;0;loras;LINEAGE;different weights, same job: ltx-2.3-22b-distilled-lora-384.safetensors (7.08 GB, 1 wf);no;medium;;Full-rank LTX 2.3 v1.1 distill LoRA referenced by zero workflows in any collection (its only hits are the LTXVideo pack's example_workflows and Manager's catalogue), while its rank-111 compression is what production actually loads.;https://huggingface.co/Lightricks/LTX-2.3/resolve/main/ltx-2.3-22b-distilled-lora-384-1.1.safetensors;models/loras/ltx-2.3-22b-distilled-lora-384-1.1.safetensors
;7.08;ltx-2.3-22b-distilled-lora-384.safetensors;LOADED;KEEP;comfyq: video_ltx2_3_i2v | auto-downloaded by WhatDreamsCost-ComfyUI;1;loras;LINEAGE;different weights, same job: ltx-2.3-22b-distilled-lora-384-1.1.safetensors (7.08 GB, 0 wf);yes;high;;The full-rank LTX 2.3 22B step-distillation LoRA loaded by ComfyQ's served video_ltx2_3_i2v.api.json - deleting it breaks the image-to-video bundle students book.;Lightricks/LTX-2.3;models/loras/ltx-2.3-22b-distilled-lora-384.safetensors
;6.5;gemma-4-12b-it-qat-q4_0.gguf;AUTO-DOWNLOAD;KEEP;auto-downloaded by ComfyUI-HR-Endless-Sampler;0;llama_cpp;;;no;high;;Looks unreferenced but is a HARD runtime dependency: the two demo workflows run HREndlessSampler, whose nodes.py imports .gemma4, and Gemma 4 is the visual-directing 'continuity director' that watches rendered frames and writes each chunk's prompt for endless long-video generation. gemma4.py pins this exact filename under llama_cpp/gemma-4-12b-it-qat-q4_0.;auto-downloaded by ComfyUI-HR-Endless-Sampler/gemma4.py (Gemma 4 12B IT QAT Q4_0 GGUF);models/llama_cpp/gemma-4-12b-it-qat-q4_0/gemma-4-12b-it-qat-q4_0.gguf
;6.46;sd_xl_turbo_1.0_fp16.safetensors;AUTO-DOWNLOAD;REVIEW;auto-downloaded by comfyui-manager;0;checkpoints;;;no;low;;"SDXL-Turbo 1-step distilled t2i; same FALSE 'used' (comfyui-manager catalog only), and its fast-preview role is now covered by Krea-2 Turbo and Flux.2 Klein in production.";stabilityai/sdxl-turbo;models/checkpoints/sd_xl_turbo_1.0_fp16.safetensors
;6.46;sd_xl_base_1.0.safetensors;AUTO-DOWNLOAD;KEEP;auto-downloaded by comfyui-manager;0;checkpoints;;;no;low;;"SDXL 1.0 base t2i checkpoint from Jun 2025; FALSE 'used' — the only match is comfyui-manager's downloadable-model catalog, and no CheckpointLoader in any of the 181 workflows loads any SDXL model.";stabilityai/stable-diffusion-xl-base-1.0;models/checkpoints/sd_xl_base_1.0.safetensors
;6.32;seedvr2_ema_3b_fp16.safetensors;LOADED;KEEP;comfyq: utility_seedvr2_hd_upscale | auto-downloaded by ComfyUI-HR-Endless-Sampler, seedvr2_videoupscaler;1;SEEDVR2;;;yes;high;;The 3B DiT behind the comfyq production bundle video_seedvr2_hd_upscale (video -> HD, keeps fps + audio), verified on rig.;numz/SeedVR2_comfyUI (auto-downloaded by the seedvr2_videoupscaler pack);models/SEEDVR2/seedvr2_ema_3b_fp16.safetensors
;6.27;umt5_xxl_fp8_e4m3fn_scaled.safetensors;LOADED;KEEP;comfyq: image_edit_bernini_r_image_editing, image_edit_bernini_r_image_editing_with_reference, video_edit_bernini_r_video_editing, video_edit_bernini_r_video_editing_ref_autoprompt, video_edit_bernini_r_video_editing_with_reference, video_wan22_4_key_frames | candidate: video_edit_idv2v_01_restyle_compare.json, video_edit_idv2v_02_restyle_hires_clean.json, video_edit_wan21_scail2_character_replacement_int8.json, video_edit_wan_animate2_distilled.json | comfyui_staged: bernini_r_image_editing.json, berninir_video_edit_ref_image_autoprompt.json, idv2v_01_restyle_compare.json, idv2v_02_restyle_hires_clean.json, templates-4-key-frames_autoprompt.json, test.json, video_wan22_4_key-frames_template.json, video_wan_animate2.json, wan2.1 rotate lora.json | auto-downloaded by ComfyUI-WanVideoWrapper, comfyui-manager;19;text_encoders;BUILD;same model, other build on disk: umt5_xxl_fp16.safetensors (10.59 GB, 0 wf);yes;low;;Text encoder for all five Bernini-R image/video editing bundles plus video_wan22_4_key-frames in production, and five more Wan graphs in candidate.;https://huggingface.co/Comfy-Org/Wan_2.1_ComfyUI_repackaged/resolve/main/split_files/text_encoders/umt5_xxl_fp8_e4m3fn_scaled.safetensors;models/text_encoders/umt5_xxl_fp8_e4m3fn_scaled.safetensors
;5.66;sd_xl_refiner_1.0.safetensors;AUTO-DOWNLOAD;REVIEW;auto-downloaded by ComfyUI_Comfyroll_CustomNodes, comfyui-manager;0;checkpoints;;;no;low;;"SDXL refiner (second-pass denoiser for the base model); FALSE 'used' — matches come from comfyui-manager's catalog and two Comfyroll pack example workflows, never from a real workflow, and it is useless once the base goes.";stabilityai/stable-diffusion-xl-refiner-1.0;models/checkpoints/sd_xl_refiner_1.0.safetensors
;5.29;FlashVSR1_1.safetensors;AUTO-DOWNLOAD;REVIEW;auto-downloaded by ComfyUI-FlashVSR;0;FlashVSR;;;yes;medium;;The FlashVSR v1.1 DiT (streaming video super-resolution). The ComfyUI-FlashVSR pack is referenced by ZERO workflows across comfyq, demo and candidate — its 'used' flag is code-only — and the rig already serves video upscaling in production via SeedVR2, so this is a duplicate capability.;1038lab/FlashVSR;models/FlashVSR/FlashVSR1_1.safetensors
;5.29;Wan2_1-T2V-1_3B_FlashVSR_fp32.safetensors;AUTO-DOWNLOAD;REVIEW;auto-downloaded by ComfyUI-FlashVSR, ComfyUI-WanVideoWrapper;0;FlashVSR;;;yes;low;;Byte-size identical (5,676,070,392) to FlashVSR1_1.safetensors — the same weights re-serialised under the WanVideoWrapper naming, loadable only by ComfyUI-WanVideoWrapper, which no workflow uses. Pure redundancy even if FlashVSR is kept.;1038lab/FlashVSR;models/FlashVSR/Wan2_1-T2V-1_3B_FlashVSR_fp32.safetensors
;5.2;pixal3d_int8_convrot.safetensors;LOADED;KEEP;candidate: 3d_pixal3d_trellis2_image_to_model.json;1;diffusion_models;LINEAGE;different weights, same job: pixal3d_multiview_int8_convrot.safetensors (5.20 GB, 2 wf);no;medium;;"Pixal3D image-to-3D-mesh in ComfyUI-native int8 - used by candidate:3d_pixal3d_trellis2_image_to_model.json; note the production comfyq 3d_pixal3d bundle does NOT use this file, it loads the pack's own models/Pixal3D/TencentARC_Pixal3D/ weights, so this is an alternate native route.";Comfy-Org/Pixal3D (upstream TencentARC/Pixal3D);models/diffusion_models/pixal3d_int8_convrot.safetensors
;5.2;pixal3d_multiview_int8_convrot.safetensors;LOADED;KEEP;candidate: 3d_pixal3d_multi_views.json | comfyui_staged: 3d_pixal3d_multi_views.json;2;diffusion_models;LINEAGE;different weights, same job: pixal3d_int8_convrot.safetensors (5.20 GB, 1 wf);no;;;;;models/diffusion_models/pixal3d_multiview_int8_convrot.safetensors
;5.05;da3_giant.safetensors;AUTO-DOWNLOAD;REVIEW;auto-downloaded by ComfyUI-DepthAnythingV3;0;depthanything3;;;yes;medium;;"The top-quality DA3 tier (giant); a dropdown option in ComfyUI-DepthAnythingV3 that no workflow selects — production uses da3_large. Biggest single reclaim in the depth families if the owner does not need the extra fidelity.";depth-anything/DA3-GIANT-1.1;models/depthanything3/da3_giant.safetensors
;5.0;Pixal3D-T;AUTO-DOWNLOAD;REVIEW;auto-downloaded by ComfyUI-Trellis2;0;TencentARC;;;no;medium;;"The distilled 'Pixal3D-T' turbo variant — a third dropdown option in Trellis2LoadModel that nothing selects (and a different model from the 22 GB TencentARC_Pixal3D the production bundle uses); it is also blocked from the ReconViaGen path.";TencentARC/Pixal3D-T;models/TencentARC/Pixal3D-T
;4.89;trellis_2_int8_convrot.safetensors;LOADED;KEEP;candidate: 3d_pixal3d_trellis2_image_to_model.json;1;diffusion_models;;;no;medium;;"TRELLIS.2 image-to-textured-mesh in native int8 - used by the same candidate 3D workflow; likewise separate from the production 3d_trellis2 bundle, which loads the ComfyUI-Trellis2 pack's own weights.";Comfy-Org/TRELLIS.2;models/diffusion_models/trellis_2_int8_convrot.safetensors
;4.88;qwen3vl_4b_fp8_scaled.safetensors;LOADED;KEEP;comfyq: image_krea2_turbo_t2i_lora | candidate: image_edit_dynamiccharactersheet_krea2_v1.json, image_edit_quadview_krea2_v1.json, utility_upscale_krea2_turbo_2mp_to_33mp.json | comfyui_staged: Image_DynamicCharacterSheet_krea2_v1.json | auto-downloaded by ComfyUI-HR-Endless-Sampler, ComfyUI-Latent-Tiled-PiD, ComfyUI-OrbitSheets, comfyui-krea2edit;5;text_encoders;;;yes;low;;"Text encoder for the production krea2_turbo_t2i_lora bundle (and the Krea2 character-sheet / quad-view / 33MP-upscale graphs in staging); also the documented stage-1 encoder for ComfyUI-Latent-Tiled-PiD's Krea2 path.";Comfy-Org Qwen3-VL ComfyUI repack (text_encoders/);models/text_encoders/qwen3vl_4b_fp8_scaled.safetensors
;4.87;gemma_2_2b_it_elm_bf16.safetensors;LOADED;KEEP;candidate: utility_upscale_flux2_klein_9b_tiled_pid.json, utility_upscale_krea2_turbo_2mp_to_33mp.json | auto-downloaded by ComfyUI-Latent-Tiled-PiD;2;text_encoders;;;no;low;;The 'pixeldit'-type encoder that the pid_1.5_flux2 / pid_1.5_qwenimage tiled upscalers (both on disk) require, and it is referenced by two real candidate upscale workflows (flux2_klein_9b_tiled_pid, krea2_turbo_2mp_to_33mp).;ships with the PiD 1.5 release — verify;models/text_encoders/gemma_2_2b_it_elm_bf16.safetensors
;4.86;v2-1_768-ema-pruned.safetensors;AUTO-DOWNLOAD;DELETE;auto-downloaded by comfyui-manager;0;checkpoints;;;no;low;;"Stable Diffusion 2.1 768 base (2022 t2i); FALSE 'used' — comfyui-manager catalog only, two model generations behind anything served.";stabilityai/stable-diffusion-2-1;models/checkpoints/v2-1_768-ema-pruned.safetensors
;4.85;minimax_h3_video_vae_fp16.safetensors;LOADED;KEEP;comfyq: video_minimax_h3_t2v_turbo | candidate: video_edit_minimax_h3_fun_controlnet_union.json, video_edit_minimax_h3_v2v_video_reference.json, video_minimax_h3_i2v_4step_working.json, video_minimax_h3_t2v_turbo_4step_working.json | comfyui_staged: minimax_h3_v2v_video_reference_4step_WORKING.json, video_edit_minimax_h3_v2v_video_reference.json, video_minimax_h3_fun_controlnet_union_pose.json | demo: HR-Endless-Sampler_LONG.json, HR-Endless-Sampler_QUICKTEST.json, minimax_h3_raven_streaming_t2va.json | auto-downloaded by ComfyUI-HR-Endless-Sampler, ComfyUI-MiniMax-H3-RAVEN-Streaming, ComfyUI-OrbitSheets;11;vae;;;no;low;;Decodes the video half of the ComfyQ production bundle video_minimax_h3_t2v_turbo (api + template) plus 3 demo and 4 candidate workflows. Strongest possible keep signal.;Comfy-Org/MiniMax-H3;models/vae/minimax_h3_video_vae_fp16.safetensors
;4.84;gemma4_e2b_it_int8_convrot.safetensors;LOADED;REVIEW;candidate: video_ltx2_5_flf2v.json, video_ltx2_5_i2v.json, video_ltx2_5_t2v.json;3;text_encoders;BUILD;same model, other build on disk: gemma4_e2b_it_bf16.safetensors (9.57 GB, 3 wf);no;medium;;"LTX 2.5's OPTIONAL prompt-enhancer LLM (expands short prompts into cinematic ones, off by default) — referenced only by the three A_INTEGRER/video_ltx2_5_* staging graphs; droppable if the owner never enables prompt_enhance, but it is the quantisation those near-production graphs point at.";Lightricks/LTX-2.5 (text_encoders/);models/text_encoders/gemma4_e2b_it_int8_convrot.safetensors
;4.8;t5xxl_fp8_e4m3fn_scaled.safetensors;AUTO-DOWNLOAD;DELETE;auto-downloaded by ComfyUI-WanVideoWrapper, comfyui-manager;0;text_encoders;BUILD;same model, other build on disk: t5xxl_fp16.safetensors (9.12 GB, 1 wf);no;low;;"FALSE 'used' — only comfyui-manager's catalogue and one WanVideoWrapper example workflow name it; the fp16 twin is what the real ASASR demo graph loads, and either one serves flux1-dev, so this is a redundant lower-precision copy.";https://huggingface.co/comfyanonymous/flux_text_encoders/resolve/main/t5xxl_fp8_e4m3fn_scaled.safetensors;models/text_encoders/t5xxl_fp8_e4m3fn_scaled.safetensors
;4.71;minimax_h3_raven_streaming_lora_4nfe_preview.safetensors;LOADED;KEEP;demo: minimax_h3_raven_streaming_t2va.json | auto-downloaded by ComfyUI-MiniMax-H3-RAVEN-Streaming;1;loras;;;no;high;;Required by the installed ComfyUI-MiniMax-H3-RAVEN-Streaming pack (named in raven_streaming/consistency.py, real runtime code) and used by demo:minimax_h3_raven_streaming_t2va.json - streaming text-to-video-with-audio would break.;unknown -- ships with / is fetched by ComfyUI-MiniMax-H3-RAVEN-Streaming;models/loras/minimax_h3_raven_streaming_lora_4nfe_preview.safetensors
;4.59;model.fp16.safetensors;AUTO-DOWNLOAD;REVIEW;auto-downloaded by comfyui-easy-use;0;checkpoints;;;no;medium;;"FALSE 'used' from a generic filename — the comfyui-easy-use hit is an SD1.5 text-encoder download URL and the catalog hit is 'diffusion_pytorch_model.fp16.safetensors'; the file itself is the Hunyuan3D-2 v2-0 shape DiT (verified from its tensors: DINOv2 image conditioner + 16/32 block DiT + geo_decoder VAE), no Hunyuan3D node pack is installed, and image→3D is served by TripoSplat plus Pixal3D/TR…";tencent/Hunyuan3D-2 (hunyuan3d-dit-v2-0/model.fp16.safetensors);models/checkpoints/model.fp16.safetensors
;4.24;qwen3.5_2b_bf16.safetensors;LOADED;KEEP;comfyq: audio_stable_audio_3_medium | comfyui_staged: audio_stable_audio_3_medium.json;2;text_encoders;;;yes;low;;The in-graph magic-prompt LLM of the production audio_stable_audio_3_medium bundle (it expands the user's prompt before conditioning).;Comfy-Org Stable Audio 3 repack — verify;models/text_encoders/qwen3.5_2b_bf16.safetensors
;3.94;Qwen-Image-InstantX-ControlNet-Inpainting.safetensors;AUTO-DOWNLOAD;REVIEW;auto-downloaded by comfyui-manager;0;controlnet;;;yes;medium;;"FALSE used (comfyui-manager catalogue only), but inpaint-control for Qwen-Image is a distinct capability the Fun-Union does not clearly replace; ComfyQ currently does Qwen inpainting via Flux.2 Klein instead. Owner's call whether Qwen inpaint-control comes back.";InstantX/Qwen-Image-ControlNet-Inpainting;models/controlnet/Qwen-Image-InstantX-ControlNet-Inpainting.safetensors
;3.79;flux-2-klein-4b-fp8.safetensors;LOADED;KEEP;comfyui_staged: image_flux2_klein_image_edit_4b_base.json;1;diffusion_models;BUILD;same model, other build on disk: flux-2-klein-4b.safetensors (7.22 GB, 0 wf);no;low;;fp8 quantisation of the already-unreferenced 4B Klein - completes the 22 GB 4B line the rig never loads.;black-forest-labs/FLUX.2-klein-4b-fp8 -- verify exact repo;models/diffusion_models/flux-2-klein-4b-fp8.safetensors
;3.44;clip_vision_g.safetensors;AUTO-DOWNLOAD;REVIEW;auto-downloaded by comfyui-manager;0;clip_vision;;;yes;low;;"FALSE used (comfyui-manager catalogue only). OpenCLIP bigG vision tower used by SDXL unCLIP/Revision and Stable Cascade - neither of which exists on this rig; no workflow loads it.";comfyanonymous/clip_vision_g;models/clip_vision/clip_vision_g.safetensors
;3.29;Qwen-Image-InstantX-ControlNet-Union.safetensors;AUTO-DOWNLOAD;REVIEW;auto-downloaded by comfyui-manager;0;controlnet;;;yes;medium;;"FALSE used (comfyui-manager catalogue only); multi-mode canny/depth/pose control for the OLDER qwen_image base, superseded by the Qwen-Image-2512-Fun union that targets the newest installed Qwen. Zero workflow references for either.";InstantX/Qwen-Image-ControlNet-Union (comfy repack: Comfy-Org/Qwen-Image_ComfyUI);models/controlnet/Qwen-Image-InstantX-ControlNet-Union.safetensors
;3.22;seedvr2_3b_int8_convrot.safetensors;LOADED;REVIEW;candidate: utility_seedvr2_3b_int8_upscale_video.json;1;diffusion_models;;;no;low;;"SeedVR2 3B video super-resolution in int8 - duplicates models/SEEDVR2/seedvr2_ema_3b_fp16 which the production video_seedvr2_hd_upscale bundle loads; only one candidate workflow justifies this copy.";Comfy-Org/SeedVR2;models/diffusion_models/seedvr2_3b_int8_convrot.safetensors
;2.91;wan2.1_fun_control_1.3B_bf16.safetensors;AUTO-DOWNLOAD;REVIEW;auto-downloaded by ComfyUI-WanVideoWrapper;0;diffusion_models;;;no;low;;"FALSE used - small Wan 2.1 Fun Control model matched ONLY by ComfyUI-WanVideoWrapper/example_workflows/wanvideo_2_1_14B_Fun_control_example_01.json; the wrapper pack has zero real usage.";Comfy-Org/Wan_2.1_ComfyUI_repackaged (split_files/diffusion_models);models/diffusion_models/wan2.1_fun_control_1.3B_bf16.safetensors
;2.64;sam_3d_body_dinov3_bf16.safetensors;LOADED;KEEP;demo: utility_sam3d_body_vid2rig.json;1;detection;;;no;high;;SAM 3D Body — reconstructs a rigged 3D human mesh / OpenPose skeleton from an image. Served by comfy-core (comfy_extras/nodes_sam3d_body.py) and named verbatim by the demo workflow utility_sam3d_body_vid2rig.json (video -> rig).;Comfy-Org SAM3D-Body repack (facebook/sam-3d-body) — auto-listed in the ComfyUI model manager;models/detection/sam_3d_body_dinov3_bf16.safetensors
;2.61;pid_1.5_flux2_1024_to_4096_4step_bf16.safetensors;LOADED;KEEP;candidate: utility_upscale_flux2_klein_9b_tiled_pid.json | auto-downloaded by ComfyUI-Latent-Tiled-PiD;1;diffusion_models;;;no;low;;"PiD 4-step latent-tiled upscaler head for Flux.2 (1024 -> 4096) - used by candidate:utility_upscale_flux2_klein_9b_tiled_pid.json; small and tied to the installed ComfyUI-Latent-Tiled-PiD pack.";ComfyUI-Latent-Tiled-PiD project page -- verify repo before deleting;models/diffusion_models/pid_1.5_flux2_1024_to_4096_4step_bf16.safetensors
;2.61;pid_1.5_qwenimage_1024_to_4096_4step_bf16.safetensors;LOADED;KEEP;candidate: utility_upscale_krea2_turbo_2mp_to_33mp.json | auto-downloaded by ComfyUI-Latent-Tiled-PiD;1;diffusion_models;;;no;low;;PiD 4-step upscaler head for the Qwen-Image architecture - used by candidate:utility_upscale_krea2_turbo_2mp_to_33mp.json (Krea-2 shares the Qwen VAE/arch, hence the pairing).;ComfyUI-Latent-Tiled-PiD project page -- verify repo before deleting;models/diffusion_models/pid_1.5_qwenimage_1024_to_4096_4step_bf16.safetensors
;2.57;Flux_2-Turbo-LoRA_comfyui.safetensors;LOADED;KEEP;comfyq: image_edit_flux2_dev_image_edit, image_flux2_dev_t2i;2;loras;;;yes;high;;The 8-step Turbo LoRA behind the 'Fast mode' switch in both served Flux.2 Dev bundles (flux2_dev_image_edit and flux2_dev_t2i .api.json).;https://huggingface.co/Comfy-Org/FLUX.2-dev (loras/);models/loras/Flux_2-Turbo-LoRA_comfyui.safetensors
;2.55;ltx_2.3_22b_distilled_1.1_lora_dynamic_fro09_avg_rank_111_bf16.safetensors;LOADED;KEEP;comfyq: video_ltx2_3_i2v, video_ltx2_3_ia2v_iclora, video_ltx2_3_t2v;3;loras;;;yes;high;;Rank-111 compression of the v1.1 distill LoRA, loaded by two production bundles (video_ltx2_3_ia2v_iclora and video_ltx2_3_t2v .api.json) - it is why the full-rank v1.1 is redundant.;"unknown -- community rank-reduction; check before deleting";models/loras/ltx_2.3_22b_distilled_1.1_lora_dynamic_fro09_avg_rank_111_bf16.safetensors
;2.4;minimax_h3_ref_lora_rank_256_bf16.safetensors;AUTO-DOWNLOAD;REVIEW;auto-downloaded by ComfyUI-OrbitSheets;0;loras;;;no;medium;;Reference-conditioning LoRA used only by ComfyUI-OrbitSheets' bundled character-turnaround / location-orbit api_workflows - a pack you installed deliberately, but no workflow of yours calls it.;"unknown -- see ComfyUI-OrbitSheets README; check before deleting";models/loras/minimax_h3_ref_lora_rank_256_bf16.safetensors
;2.15;ltx-2.3_text_projection_bf16.safetensors;AUTO-DOWNLOAD;REVIEW;auto-downloaded by WhatDreamsCost-ComfyUI;0;text_encoders;;;no;low;;"Optional separate projection head for LTX 2.3 conditioning — no ComfyQ/demo/candidate graph loads it (the production bundles run on gemma_3_12B_it_fp4_mixed alone), only WhatDreamsCost-ComfyUI's 'LTX Director 2' example workflow wants it; small payoff, and LTX 2.3 is the flagship family here.";Lightricks/LTX-2.3 (text_encoders/) — verify;models/text_encoders/ltx-2.3_text_projection_bf16.safetensors
;2.14;minimax_h3_fun_controlnet_union_pruned_int8_convrot.safetensors;LOADED;KEEP;candidate: video_edit_minimax_h3_fun_controlnet_union.json | comfyui_staged: video_minimax_h3_fun_controlnet_union_pose.json;2;model_patches;;;no;;;;;models/model_patches/minimax_h3_fun_controlnet_union_pruned_int8_convrot.safetensors
;1.82;minimax_h3_fl2v_turbo_8step_v1.0_comfyui_bf16.safetensors;LOADED;KEEP;comfyq: video_minimax_h3_t2v_turbo | candidate: video_minimax_h3_i2v_4step_working.json, video_minimax_h3_t2v_turbo_4step_working.json;3;loras;;;no;low;;Looks used but is not: in all three files that name it (ComfyQ's template and two candidate WORKING graphs) it only appears in widgets_values_named / models[].url leftovers from the official template, while the selected widgets_values is always the 4-step LoRA.;https://huggingface.co/lightx2v/Minimax-h3-Turbo/resolve/main/minimax_h3_fl2v_turbo_8step_v1.0_comfyui_bf16.safetensors;models/loras/minimax_h3_fl2v_turbo_8step_v1.0_comfyui_bf16.safetensors
;1.82;minimax_h3_ref2v_turbo_4step_v0.1_comfyui_bf16.safetensors;LOADED;KEEP;candidate: video_edit_minimax_h3_fun_controlnet_union.json, video_edit_minimax_h3_v2v_video_reference.json | comfyui_staged: minimax_h3_v2v_video_reference_4step_WORKING.json, video_edit_minimax_h3_v2v_video_reference.json, video_minimax_h3_fun_controlnet_union_pose.json | demo: HR-Endless-Sampler_QUICKTEST.json;6;loras;;;no;medium;;"4-step turbo for H3 reference-to-video (style/subject transfer from a reference clip); referenced by a demo workflow plus two candidate graphs, and its base minimax_h3_ref2va_pruned_int8_convrot is installed.";https://huggingface.co/lightx2v/Minimax-h3-Turbo;models/loras/minimax_h3_ref2v_turbo_4step_v0.1_comfyui_bf16.safetensors
;1.82;minimax_h3_fl2v_turbo_4step_v1.0_768p_comfyui_bf16.safetensors;LOADED;KEEP;comfyq: video_minimax_h3_t2v_turbo | candidate: video_minimax_h3_i2v_4step_working.json, video_minimax_h3_t2v_turbo_4step_working.json;3;loras;LINEAGE;different weights, same job: minimax_h3_fl2v_lightx2v_turbo_4step_v0.1_comfy.safetensors (1.82 GB, 0 wf);no;high;;The 4-step turbo LoRA in ComfyQ's served video_minimax_h3_t2v_turbo.api.json - measured as 3.8x of that bundle's 4.3x speedup, so removing it makes H3 unusable in a classroom.;https://huggingface.co/Comfy-Org/MiniMax-H3 (loras/);models/loras/minimax_h3_fl2v_turbo_4step_v1.0_768p_comfyui_bf16.safetensors
;1.82;minimax_h3_fl2v_lightx2v_turbo_4step_v0.1_comfy.safetensors;AUTO-DOWNLOAD;REVIEW;auto-downloaded by ComfyUI-OrbitSheets;0;loras;LINEAGE;different weights, same job: minimax_h3_fl2v_turbo_4step_v1.0_768p_comfyui_bf16.safetensors (1.82 GB, 3 wf);no;medium;;"The turbo LoRA OrbitSheets' bundled workflows pair with the ref LoRA above; delete them together or keep them together, since OrbitSheets is unusable without both.";https://huggingface.co/lightx2v/Minimax-h3-Turbo;models/loras/minimax_h3_fl2v_lightx2v_turbo_4step_v0.1_comfy.safetensors
;1.79;sdpose_wholebody_fp16.safetensors;LOADED;REVIEW;candidate: video_edit_minimax_h3_fun_controlnet_union.json | comfyui_staged: video_minimax_h3_fun_controlnet_union_pose.json;2;checkpoints;;;no;low;;"Comfy-core SDPose whole-body keypoint extractor (the modern OpenPose replacement, used by SDPoseKeypointExtractor); currently unreferenced — the demo workflow's 'SDPose' hits are the HF repo name of its rt_detr detector, not this file — but it is recent (Mar 2026), only 1.8 GB, and its companion detector is in active use.";Comfy-Org/SDPose (checkpoints/sdpose_wholebody_fp16.safetensors);models/checkpoints/sdpose_wholebody_fp16.safetensors
;1.63;sam3.1_multiplex_fp16.safetensors;LOADED;KEEP;comfyq: utility_video_segment_sam3 | candidate: video_edit_wan21_scail2_character_replacement_int8.json | comfyui_staged: utility_video_segment_sam3.json | demo: utility_sam3d_body_vid2rig.json;4;checkpoints;;;yes;high;;Segment Anything 3.1 open-vocabulary segmenter loaded by the production ComfyQ bundle utility_video_segment_sam3 and by the demo sam3d body-rig workflow — real, multi-collection usage.;Comfy-Org/sam3;models/checkpoints/sam3.1_multiplex_fp16.safetensors
;1.62;lotus-depth-d-v1-1.safetensors;LOADED;KEEP;candidate: video_edit_ltx2_v2v_depth_control.json;1;diffusion_models;;;no;low;;"Lotus depth estimator (diffusion-based monocular depth) - used by candidate:video_ltx2_v2v_depth_control.json to produce the depth guide for LTX video control; small and cheap to keep.";Comfy-Org/lotus;models/diffusion_models/lotus-depth-d-v1-1.safetensors
;1.6;iclight_sd15_fc.safetensors;AUTO-DOWNLOAD;DELETE;auto-downloaded by comfyui-manager;0;diffusion_models;;;no;low;;"FALSE used - IC-Light SD1.5 foreground-conditioned relighting, matched ONLY by comfyui-manager/model-list.json; verified 0 hits in all three collections and it is SD1.5-era, incompatible with every model in production.";lllyasviel/IC-Light (or huchenlei/IC-Light_SD15);models/diffusion_models/iclight_sd15_fc.safetensors
;1.59;marigold_v2_depth_log_stage2.safetensors;LOADED;KEEP;candidate: utility_marigold_v2_depth.json;1;loras;;;no;;;;;models/loras/marigold_v2/marigold_v2_depth_log_stage2.safetensors
;1.59;marigold_v2_normals.safetensors;LOADED;KEEP;candidate: utility_marigold_v2_normals.json;1;loras;;;no;;;;;models/loras/marigold_v2/marigold_v2_normals.safetensors
;1.58;Qwen-Image-Lightning-4steps-V1.0.safetensors;AUTO-DOWNLOAD;REVIEW;auto-downloaded by comfyui-manager;0;loras;;;no;low;;"4-step accelerator for base Qwen-Image text-to-image (not the Edit line); the base qwen_image_fp8_e4m3fn is installed but no workflow uses plain Qwen t2i - its used:true came purely from Manager's catalogue.";https://huggingface.co/lightx2v/Qwen-Image-Lightning/resolve/main/Qwen-Image-Lightning-4steps-V1.0.safetensors;models/loras/Qwen-Image-Lightning-4steps-V1.0.safetensors
;1.58;Qwen-Image-Lightning-8steps-V1.0.safetensors;AUTO-DOWNLOAD;REVIEW;auto-downloaded by comfyui-manager;0;loras;;;no;low;;"The 8-step sibling of the above - if you keep Qwen t2i acceleration at all you want one of the two, not both; also a false used:true from Manager's catalogue.";https://huggingface.co/lightx2v/Qwen-Image-Lightning/resolve/main/Qwen-Image-Lightning-8steps-V1.0.safetensors;models/loras/Qwen-Image-Lightning-8steps-V1.0.safetensors
;1.57;dino_v3_vit_h.safetensors;LOADED;KEEP;comfyq: 3d_triposplat_image_to_gaussian_splat | comfyui_staged: 3d_triposplat_image_to_gaussian_splat.json, 3d_triposplat_image_to_gaussian_splat_template.json, TextFlux_to_gaussian_splat .json;4;clip_vision;;;yes;low;;Image feature encoder for the ComfyQ production bundle 3d_triposplat_image_to_gaussian_splat (api + template). Verified by direct grep of the bundle.;Comfy-Org/TripoSplat (or facebook/dinov3);models/clip_vision/dino_v3_vit_h.safetensors
;1.53;da3_large.safetensors;LOADED;KEEP;comfyq: image_edit_flux2_klein_ref_control_depth | comfyui_staged: da3_advanced.json, da3_advanced_3d.json, da3_advanced_3d_multiview.json, da3_bas_relief.json, da3_simple.json | auto-downloaded by ComfyUI-DepthAnythingV3;6;depthanything3;;;yes;high;;Named directly by the comfyq production bundle flux2_klein_ref_control_depth (api + meta + template) — it builds the depth map that drives the pose-transfer generation.;depth-anything/DA3-LARGE-1.1;models/depthanything3/da3_large.safetensors
;1.37;ltx-2.5-video-vae-bf16.safetensors;LOADED;KEEP;candidate: video_edit_ltx_2_5_iclora_union_control_distilled.json, video_edit_ltx_2_5_v2v_iclora_single_stage_distilled.json, video_ltx2_5_flf2v.json, video_ltx2_5_i2v.json, video_ltx2_5_t2v.json | comfyui_staged: LTX-2.5_T2V_I2V_Two_Stage_Distilled.json | auto-downloaded by ComfyUI-LTXVideo, comfyui-manager;6;vae;;;no;low;;Required by 6 active LTX 2.5 staging workflows (t2v/i2v/flf2v/IC-LoRA) which run the transformer-only ltx-2.5-22b-distilled-int8-convrot and therefore MUST load a standalone VAE. This is the next-gen line being integrated into ComfyQ.;Lightricks/LTX-2.5 (vae/);models/vae/ltx-2.5-video-vae-bf16.safetensors
;1.35;LTX23_video_vae_bf16.safetensors;AUTO-DOWNLOAD;REVIEW;auto-downloaded by WhatDreamsCost-ComfyUI;0;vae;;;yes;medium;;FALSE used: matched only inside WhatDreamsCost-ComfyUI/example_workflows/. Verified that all 6 ComfyQ LTX 2.3 production bundles read the video VAE out of the all-in-one checkpoint (CheckpointLoaderSimple ltx-2.3-22b-dev-fp8), so this standalone copy has no consumer. NOTE: the unreferenced transformer-only / GGUF LTX 2.3 files would need it - kill those together.;Lightricks/LTX-Video (Comfy-Org LTX-2.3 repack, vae/);models/vae/LTX23_video_vae_bf16.safetensors
;1.34;WanAnimate_relight_lora_fp16.safetensors;AUTO-DOWNLOAD;REVIEW;auto-downloaded by ComfyUI-WanVideoWrapper;0;loras;;;no;medium;;"Relighting LoRA for Wan2.2-Animate (base Wan2_2-Animate-14B is installed); its only 'use' is WanVideoWrapper's bundled example workflows - no workflow of yours references it.";https://huggingface.co/Kijai/WanVideo_comfy;models/loras/WanAnimate_relight_lora_fp16.safetensors
;1.25;depth_anything_v2_metric_hypersim_vitl_fp32.safetensors;AUTO-DOWNLOAD;REVIEW;auto-downloaded by comfyui-depthanythingv2;0;depthanything;;;yes;medium;;Metric (indoor/Hypersim-trained) depth — absolute distances rather than relative, a separate capability from the kept relative model, but no workflow in any collection uses it.;Kijai/DepthAnythingV2-safetensors;models/depthanything/depth_anything_v2_metric_hypersim_vitl_fp32.safetensors
;1.25;depth_anything_v2_vitl_fp32.safetensors;LOADED;KEEP;demo: Preprocessors/utility-depthAnything-v2-relative-video.json | auto-downloaded by comfyui-depthanythingv2, comfyui-manager;1;depthanything;BUILD;same model, other build on disk: depth_anything_v2_vitl_fp16.safetensors (0.62 GB, 0 wf);yes;high;;Named verbatim by the demo workflow Preprocessors/utility-depthAnything-v2-relative-video.json — the teaching relative-depth video preprocessor.;Kijai/DepthAnythingV2-safetensors;models/depthanything/depth_anything_v2_vitl_fp32.safetensors
;1.24;da3metric_large.safetensors;AUTO-DOWNLOAD;REVIEW;auto-downloaded by ComfyUI-DepthAnythingV3;0;depthanything3;;;yes;medium;;METRIC depth (absolute distance in metres) — a genuinely different capability from da3_large's relative depth, not a duplicate, but nothing on the rig currently uses metric depth.;depth-anything/DA3METRIC-LARGE;models/depthanything3/da3metric_large.safetensors
;1.22;ltx-2.3-22b-ic-lora-ingredients-0.9.safetensors;LOADED;REVIEW;candidate: video_ltx2_3_ic_lora_ingredients.json | auto-downloaded by ComfyUI-LTXVideo, comfyui-manager;1;loras;;;no;medium;;"LTX 2.3 'ingredients' IC-LoRA (compose a video from several reference subjects); justified only by one candidate staging file, template_ltx2_3_ic_lora_ingredients.json.";https://huggingface.co/Lightricks/LTX-2.3-22b-IC-LoRA-Ingredients;models/loras/ltx-2.3-22b-ic-lora-ingredients-0.9.safetensors
;1.18;clip_vision_h.safetensors;LOADED;KEEP;candidate: video_edit_idv2v_01_restyle_compare.json, video_edit_idv2v_02_restyle_hires_clean.json, video_edit_wan21_scail2_character_replacement_int8.json, video_edit_wan_animate2_distilled.json | comfyui_staged: idv2v_01_restyle_compare.json, idv2v_02_restyle_hires_clean.json, video_wan_animate2.json, wan2.1 rotate lora.json | auto-downloaded by ComfyUI-WanVideoWrapper, comfyui-manager;8;clip_vision;;;yes;low;;Real use: loaded via core CLIPVisionLoader by 5 Wan workflows (idv2v restyle x2, wan21 SCAIL character replacement, wan_animate2 x2) - this is the half of the duplicate pair that is actually wired.;Comfy-Org/Wan_2.1_ComfyUI_repackaged;models/clip_vision/clip_vision_h.safetensors
;1.14;wan2.2_i2v_lightx2v_4steps_lora_v1_high_noise.safetensors;LOADED;KEEP;comfyq: video_wan22_4_key_frames | comfyui_staged: templates-4-key-frames_autoprompt.json, video_wan22_4_key-frames_template.json;3;loras;;;yes;high;;High-noise half of the 4-step Lightning pair loaded by ComfyQ's served video_wan22_4_key-frames.api.json across all three FLF2V segments.;https://huggingface.co/lightx2v/Wan2.2-Lightning;models/loras/wan2.2_i2v_lightx2v_4steps_lora_v1_high_noise.safetensors
;1.14;wan2.2_i2v_lightx2v_4steps_lora_v1_low_noise.safetensors;LOADED;KEEP;comfyq: video_wan22_4_key_frames | comfyui_staged: templates-4-key-frames_autoprompt.json, video_wan22_4_key-frames_template.json;3;loras;;;yes;high;;Low-noise half of the same production pair - Wan 2.2's dual-sampler design needs both, so deleting either breaks the key-frame animation bundle.;https://huggingface.co/lightx2v/Wan2.2-Lightning;models/loras/wan2.2_i2v_lightx2v_4steps_lora_v1_low_noise.safetensors
;1.14;wan2.1_SCAIL_2_DPO_lora_bf16.safetensors;LOADED;REVIEW;candidate: video_edit_wan21_scail2_character_replacement_int8.json;1;loras;;;no;medium;;"DPO-tuned LoRA for the Wan2.1 SCAIL-2 character-replacement model (both SCAIL bases are installed); only candidate:video_wan21_scail2_character_replacement_int8.json uses it.";unknown -- check before deleting;models/loras/wan2.1_SCAIL_2_DPO_lora_bf16.safetensors
;1.13;dino_v3_L_naf_fp32.safetensors;LOADED;KEEP;candidate: 3d_pixal3d_multi_views.json, 3d_pixal3d_trellis2_image_to_model.json | comfyui_staged: 3d_pixal3d_multi_views.json;3;clip_vision;;;no;low;;"Normal-aware-feature DINOv3-L for the NATIVE Pixal3D path used by the candidate A_INTEGRER/3d_pixal3d_trellis2 workflow; pairs with the installed pixal3d_int8_convrot. This is the staged successor to the pack-based ComfyQ 3D bundle.";TencentARC/Pixal3D;models/clip_vision/dino_v3_L_naf_fp32.safetensors
;1.13;camenduru_dinov3-vitl16-pretrain-lvd1689m;LOADED;KEEP;comfyq: video_ltx2_3_i2v, video_ltx2_3_ia2v_iclora, video_ltx2_3_t2v | candidate: video_edit_ltx2_v2v_canny_control.json, video_edit_ltx2_v2v_depth_control.json, video_ltx2_5_i2v.json, video_ltx2_5_t2v.json | auto-downloaded by ComfyUI-DepthAnythingV3, ComfyUI-Trellis2, Pixal3D-ComfyUI, comfyui-easy-use +more;7;Pixal3D;;;yes;high;;"FALSE 'used' on the workflow side (it matched the generic inner filename model.safetensors, not the folder) but genuinely required: Pixal3D-ComfyUI sets DEFAULT_DINO_REPO=camenduru/... and rewrites facebook/dinov3 -> camenduru/dinov3, so this is the path the pixal3d bundle actually reads; byte-for-byte the same 1,212,559,808-byte model as the facebook/ copy, so hardlink the two rather than deleti…";camenduru/dinov3-vitl16-pretrain-lvd1689m;models/Pixal3D/camenduru_dinov3-vitl16-pretrain-lvd1689m
;1.13;dinov3-vitl16-pretrain-lvd1689m;AUTO-DOWNLOAD;KEEP;auto-downloaded by ComfyUI-Trellis2, Pixal3D-ComfyUI;0;facebook;;;yes;high;;ComfyUI-Trellis2/nodes.py hardcodes models/facebook/dinov3-vitl16-pretrain-lvd1689m/model.safetensors as the image conditioner for every TRELLIS-2 run — deleting it forces a re-download on the next 3D job.;visualbruno/dinov3-vitl16-pretrain-lvd1689m (mirror of the gated facebook/dinov3-vitl16-pretrain-lvd1689m);models/facebook/dinov3-vitl16-pretrain-lvd1689m
;1.11;t5gemma_b_b_ul2.safetensors;LOADED;KEEP;comfyq: audio_stable_audio_3_medium | comfyui_staged: audio_stable_audio_3_medium.json;2;text_encoders;;;yes;low;;"The actual conditioning text encoder of Stable Audio 3 Medium, loaded by the production audio bundle; tiny and irreplaceable for the only audio-generation workflow on the rig.";Comfy-Org Stable Audio 3 repack — verify;models/text_encoders/t5gemma_b_b_ul2.safetensors
;1.02;trellis_2_shape_vae_bf16.safetensors;LOADED;KEEP;candidate: 3d_pixal3d_multi_views.json, 3d_pixal3d_trellis2_image_to_model.json | comfyui_staged: 3d_pixal3d_multi_views.json;3;vae;;;no;low;;"Shape decoder for the native comfy-core TRELLIS2 path (pairs with the installed trellis_2_int8_convrot); used by the A_INTEGRER 3D integration workflow. The current ComfyQ TRELLIS2 bundle loads via HF repo id instead, so this is the newer native route.";microsoft/TRELLIS.2-4B (Comfy-Org repack);models/vae/trellis_2_shape_vae_bf16.safetensors
;0.93;ltx-2.5-latent-spatial-upscaler-x2-bf16-1.0.safetensors;LOADED;KEEP;candidate: video_edit_ltx_2_5_iclora_union_control_distilled.json, video_ltx2_5_i2v.json, video_ltx2_5_t2v.json | comfyui_staged: LTX-2.5_T2V_I2V_Two_Stage_Distilled.json | auto-downloaded by ComfyUI-LTXVideo, comfyui-manager;4;latent_upscale_models;;;no;medium;;"The 2x latent spatial upscaler for the LTX 2.5 pipeline. Justified only by candidate (4 files), but two of them sit in candidate/A_INTEGRER/ (video_ltx2_5_i2v.json, video_ltx2_5_t2v.json — literally ""to be integrated"") and the LTX 2.5 transformer is already installed in diffusion_models, so this is an in-flight migration, not an abandoned experiment. At 0.93 GB it is not worth the risk of having …";Lightricks/LTX-2.5 (latent_upscale_models/) — gated repo, requires accepting the licence;models/latent_upscale_models/ltx-2.5-latent-spatial-upscaler-x2-bf16-1.0.safetensors
;0.93;ltx-2-spatial-upscaler-x2-1.0.safetensors;LOADED;REVIEW;candidate: video_edit_ltx2_v2v_canny_control.json, video_edit_ltx2_v2v_depth_control.json | auto-downloaded by ComfyUI-LTXVideo, comfyui-manager;2;latent_upscale_models;;;yes;medium;;"First-generation (LTX-2 19b) latent spatial upscaler — a different generation from the 2.3/2.5 files, not interchangeable. Its code hits come from ComfyUI-LTXVideo's bundled example_workflows/, i.e. shipped samples rather than real use; the genuine justification is two candidate files only (video_ltx2_v2v_canny_control, video_ltx2_v2v_depth_control). Its base checkpoints (ltx-2-19b-dev-fp8, ltx-2…";Lightricks/LTX-2 (ltx-2-spatial-upscaler-x2-1.0.safetensors, repo root);models/latent_upscale_models/ltx-2-spatial-upscaler-x2-1.0.safetensors
;0.93;ltx-2.3-spatial-upscaler-x2-1.1.safetensors;LOADED;KEEP;comfyq: video_ltx2_3_i2v, video_ltx2_3_ia2v_iclora, video_ltx2_3_t2v | auto-downloaded by ComfyUI-LTXVideo, WhatDreamsCost-ComfyUI, comfyui-manager;3;latent_upscale_models;;;yes;high;;The only latent upscaler ComfyQ production actually loads — the 2x latent spatial upsampler in the second stage of video_ltx2_3_i2v, video_ltx2_3_t2v and video_ltx2_3_ia2v_iclora (20 references across their api/meta/template files). Deleting it breaks three served student workflows.;Lightricks/LTX-2.3 (latent_upscale_models/);models/latent_upscale_models/ltx-2.3-spatial-upscaler-x2-1.1.safetensors
;0.88;trellis_2_texture_vae_bf16.safetensors;LOADED;KEEP;candidate: 3d_pixal3d_multi_views.json, 3d_pixal3d_trellis2_image_to_model.json | comfyui_staged: 3d_pixal3d_multi_views.json;3;vae;;;no;low;;Texture decoder half of the same native TRELLIS2 pair - without it the mesh comes out untextured.;microsoft/TRELLIS.2-4B (Comfy-Org repack);models/vae/trellis_2_texture_vae_bf16.safetensors
;0.86;asasr_sr_lora_v2.safetensors;LOADED;KEEP;demo: asasr_super_resolution.json | auto-downloaded by ComfyUI-ASASR;1;loras;;;yes;high;;Real runtime dependency of the installed ComfyUI-ASASR pack (named in asasr_models.py, copied out of the pack's own checkpoints) and used by demo:asasr_super_resolution.json.;re-copy from custom_nodes/ComfyUI-ASASR/ASASR/checkpoints/sr_lora/;models/loras/ASASR/asasr_sr_lora_v2.safetensors
;0.85;DynamicCharacterSheet_krea2_v1.safetensors;LOADED;REVIEW;comfyui_staged: Image_DynamicCharacterSheet_krea2_v1.json;1;loras;;;no;medium;;"Krea-2 LoRA that renders a character in several poses on one sheet; nothing references it, it does NOT start with krea2_ so it is not in the production dropdown, and ComfyQ already covers turnarounds via qwen_multiple_character_angles.";unknown -- check before deleting;models/loras/DynamicCharacterSheet_krea2_v1.safetensors
;0.85;QuadView_krea2_v1.safetensors;LOADED;KEEP;"RENAMED: _candidate_workflows/image_edit_quadview_krea2_v1.json still asks for ""krea2_4panel_hia_1536.safetensors"" -- this file is that model (its own metadata says so), just renamed on disk";0;loras;;;no;medium;"the workflow that needs this still points at the old name ""krea2_4panel_hia_1536.safetensors"" -- either rename the file back or fix the workflow";"Krea-2 LoRA producing a 4-view orthographic sheet from one prompt; unreferenced and outside the krea2_ dropdown filter, overlapping the Qwen multi-angle bundles you actually serve.";unknown -- check before deleting;models/loras/QuadView_krea2_v1.safetensors
;0.84;ft_celebahq;AUTO-DOWNLOAD;DELETE;auto-downloaded by ComfyUI_moebius_inpainting;0;moebius;;;yes;low;;CelebA-HQ face fine-tune of an inpainting model that no workflow uses, and redundant with the ft_ffhq face fine-tune sitting beside it — keeping two face variants of an unused capability makes no sense.;hustvl/Moebius (ft_celebahq/diffusion_pytorch_model.bin);models/moebius/ft_celebahq
;0.84;ft_ffhq;AUTO-DOWNLOAD;KEEP;auto-downloaded by ComfyUI_moebius_inpainting;0;moebius;;;yes;low;;"FFHQ face fine-tune — the second of two face-specialised Moebius checkpoints for a pack zero workflows use; drop both face variants and keep pretrained/ft_places2 only if the capability is wanted at all.";hustvl/Moebius (ft_ffhq/diffusion_pytorch_model.bin);models/moebius/ft_ffhq
;0.84;ft_places2;AUTO-DOWNLOAD;REVIEW;auto-downloaded by ComfyUI_moebius_inpainting;0;moebius;;;yes;medium;;"Places2 fine-tune of Moebius — scene/background object removal, the most useful of the three fine-tunes for general use; still unreferenced by any workflow.";hustvl/Moebius (ft_places2/diffusion_pytorch_model.bin);models/moebius/ft_places2
;0.84;pretrained;AUTO-DOWNLOAD;REVIEW;auto-downloaded by ComfyUI_moebius_inpainting;0;moebius;;;yes;medium;;"hustvl/Moebius base checkpoint — general-purpose mask-driven object removal/inpainting. The ComfyUI_moebius_inpainting pack is referenced by ZERO workflows, and ComfyQ already ships Flux.2 Klein inpainting in production; this is the one variant worth keeping if the owner wants the capability back.";hustvl/Moebius (pretrained/diffusion_pytorch_model.bin);models/moebius/pretrained
;0.82;briaai_RMBG-2.0;LOADED;KEEP;comfyq: video_ltx2_3_i2v, video_ltx2_3_ia2v_iclora, video_ltx2_3_t2v | candidate: video_edit_ltx2_v2v_canny_control.json, video_edit_ltx2_v2v_depth_control.json, video_ltx2_5_i2v.json, video_ltx2_5_t2v.json | auto-downloaded by ComfyUI-DepthAnythingV3, ComfyUI-Trellis2, Pixal3D-ComfyUI, comfyui-easy-use +more;7;Pixal3D;;;yes;high;;FALSE 'used' on the workflow side (matched inner model.safetensors) but really needed: DEFAULT_REMBG_REPO=briaai/RMBG-2.0 and the production pixal3d bundle runs with load_rembg:true + background_mode:auto_remove.;briaai/RMBG-2.0 (gated repo — needs an HF token);models/Pixal3D/briaai_RMBG-2.0
;0.82;RMBG-2.0;AUTO-DOWNLOAD;REVIEW;auto-downloaded by ComfyUI-Trellis2, Pixal3D-ComfyUI, comfyui-easy-use, comfyui-rmbg;0;RMBG;;;yes;low;;Same BiRefNet weights as Pixal3D/briaai_RMBG-2.0 (identical 884,878,856-byte model.safetensors) but at the models/RMBG path that only the comfyui-rmbg pack reads — and comfyui-rmbg is used by zero workflows in all three collections.;briaai/RMBG-2.0 (gated repo — needs an HF token);models/RMBG/RMBG-2.0
;0.8;openai-clip-vit-large-14.pth;AUTO-DOWNLOAD;KEEP;auto-downloaded by comfyui-nua-flashface;0;clip;;;yes;low;;Genuine hardcoded runtime load (flashfacelib/ldm/models/clip.py:507), but ZERO workflows use flashface anywhere, and comfyui-nua-flashface/install.py re-downloads it automatically if missing - so removal is reversible with no manual step.;shilongz/FlashFace-SD1.5;models/clip/openai-clip-vit-large-14.pth
;0.8;sigclip_vision_patch14_384.safetensors;AUTO-DOWNLOAD;KEEP;auto-downloaded by comfyui-easy-use, comfyui-manager;0;clip_vision;;;yes;low;;SigLIP vision encoder for Flux Redux style-transfer. flux1-redux-dev IS installed but no workflow references it, and comfyui-easy-use auto-downloads this file from its config.py URL if absent - so deleting costs nothing but a re-fetch if Redux is ever used.;Comfy-Org/sigclip_vision_384;models/clip_vision/sigclip_vision_patch14_384.safetensors
;0.79;Qwen-Image-Edit-2509-Lightning-4steps-V1.0-bf16.safetensors;LOADED;KEEP;comfyq: image_edit_qwen_multiple_scene_angles | auto-downloaded by comfyui-manager;1;loras;;;yes;high;;The 4-step accelerator in ComfyQ's served qwen_multiple_scene_angles.api.json - without it that bundle runs at full step count.;https://huggingface.co/lightx2v/Qwen-Image-Lightning (Qwen-Image-Edit-2509/);models/loras/Qwen-Image-Edit-2509-Lightning-4steps-V1.0-bf16.safetensors
;0.79;Qwen-Image-Edit-2509-Lightning-8steps-V1.0-bf16.safetensors;AUTO-DOWNLOAD;DELETE;auto-downloaded by comfyui-manager;0;loras;;;no;low;;"The 8-step twin of an accelerator you already run at 4 steps in production; referenced by no workflow, only by Manager's catalogue.";https://huggingface.co/lightx2v/Qwen-Image-Lightning/resolve/main/Qwen-Image-Edit-2509/Qwen-Image-Edit-2509-Lightning-8steps-V1.0-bf16.safetensors;models/loras/Qwen-Image-Edit-2509-Lightning-8steps-V1.0-bf16.safetensors
;0.79;Qwen-Image-Edit-2511-Lightning-4steps-V1.0-bf16.safetensors;LOADED;KEEP;comfyq: image_edit_qwen_multiple_character_angles | auto-downloaded by ComfyUI-Trellis2;1;loras;;;yes;high;;The 4-step accelerator in ComfyQ's served qwen_multiple_character_angles.api.json, which drives a 39 GB bf16 base - dropping it would make that bundle unusably slow.;https://huggingface.co/lightx2v/Qwen-Image-Lightning;models/loras/Qwen-Image-Edit-2511-Lightning-4steps-V1.0-bf16.safetensors
;0.72;control-lora-sketch-rank256.safetensors;AUTO-DOWNLOAD;REVIEW;auto-downloaded by comfyui-manager;0;loras;;;yes;low;;"Sketch-to-image Control-LoRA for SDXL; unreferenced, false used:true from Manager's catalogue - arguably the most teaching-relevant of the four if you keep any.";https://huggingface.co/stabilityai/control-lora/resolve/main/control-LoRAs-rank256/control-lora-sketch-rank256.safetensors;models/loras/control/control-lora-sketch-rank256.safetensors
;0.72;control-lora-canny-rank256.safetensors;AUTO-DOWNLOAD;REVIEW;auto-downloaded by comfyui-manager;0;loras;;;yes;low;;"Stability's rank-256 SDXL edge-guidance Control-LoRA; used:true came only from Manager's catalogue - no workflow in any collection references it, though sd_xl_base_1.0 is installed.";https://huggingface.co/stabilityai/control-lora/resolve/main/control-LoRAs-rank256/control-lora-canny-rank256.safetensors;models/loras/control/control-lora-canny-rank256.safetensors
;0.72;control-lora-recolor-rank256.safetensors;AUTO-DOWNLOAD;REVIEW;auto-downloaded by comfyui-manager;0;loras;;;yes;low;;"Recolour/colourise Control-LoRA for SDXL; unreferenced, false used:true from Manager's catalogue.";https://huggingface.co/stabilityai/control-lora/resolve/main/control-LoRAs-rank256/control-lora-recolor-rank256.safetensors;models/loras/control/control-lora-recolor-rank256.safetensors
;0.72;control-lora-depth-rank256.safetensors;AUTO-DOWNLOAD;REVIEW;auto-downloaded by comfyui-manager;0;loras;;;yes;low;;"Depth-guidance Control-LoRA for SDXL; same false used:true from Manager's catalogue, part of the 2.9 GB four-file set that stands or falls together.";https://huggingface.co/stabilityai/control-lora/resolve/main/control-LoRAs-rank256/control-lora-depth-rank256.safetensors;models/loras/control/control-lora-depth-rank256.safetensors
;0.69;triposplat_fp16.safetensors;LOADED;KEEP;comfyq: 3d_triposplat_image_to_gaussian_splat | comfyui_staged: 3d_triposplat_image_to_gaussian_splat.json, 3d_triposplat_image_to_gaussian_splat_template.json, TextFlux_to_gaussian_splat .json;4;diffusion_models;;;yes;high;;TripoSplat image-to-Gaussian-splat model - the rig-verified production comfyq bundle 3d_triposplat_image_to_gaussian_splat depends on it, and at 0.7 GB there is nothing to gain.;VAST-AI/TripoSplat;models/diffusion_models/triposplat_fp16.safetensors
;0.69;lightx2v_I2V_14B_480p_cfg_step_distill_rank64_bf16.safetensors;LOADED;REVIEW;candidate: video_edit_idv2v_01_restyle_compare.json, video_edit_idv2v_02_restyle_hires_clean.json, video_edit_wan21_scail2_character_replacement_int8.json | comfyui_staged: idv2v_01_restyle_compare.json, idv2v_02_restyle_hires_clean.json, video_wan_animate2.json | auto-downloaded by ComfyUI-WanVideoWrapper;6;loras;;;no;medium;;"CFG-step distill for Wan 2.1 I2V 480p; justified only by four candidate staging graphs (restyle compare, SCAIL character replacement, wan_animate2) plus WanVideoWrapper's own examples.";https://huggingface.co/Kijai/WanVideo_comfy;models/loras/lightx2v_I2V_14B_480p_cfg_step_distill_rank64_bf16.safetensors
;0.67;control_v11f1p_sd15_depth_fp16.safetensors;AUTO-DOWNLOAD;REVIEW;auto-downloaded by comfyui-manager;0;controlnet;;;yes;low;;"FALSE used (comfyui-manager catalogue only). Classic SD1.5 depth ControlNet; the rig has 9 SD1.5 checkpoints so this is a plausible teaching asset, but no workflow uses it. Small.";comfyanonymous/ControlNet-v1-1_fp16_safetensors;models/controlnet/control_v11f1p_sd15_depth_fp16.safetensors
;0.67;control_v11p_sd15_openpose_fp16.safetensors;AUTO-DOWNLOAD;REVIEW;auto-downloaded by comfyui-manager;0;controlnet;;;yes;low;;"FALSE used (comfyui-manager catalogue only). SD1.5 pose-driven generation - the only skeleton-control capability on the rig; unreferenced but cheap to keep for SD1.5 teaching.";comfyanonymous/ControlNet-v1-1_fp16_safetensors;models/controlnet/control_v11p_sd15_openpose_fp16.safetensors
;0.67;control_v11p_sd15_scribble_fp16.safetensors;AUTO-DOWNLOAD;REVIEW;auto-downloaded by comfyui-manager;0;controlnet;;;yes;low;;FALSE used (comfyui-manager catalogue only). SD1.5 sketch-to-image - a nice classroom demo, but nothing on this rig references it.;comfyanonymous/ControlNet-v1-1_fp16_safetensors;models/controlnet/control_v11p_sd15_scribble_fp16.safetensors
;0.62;depth_anything_v2_vitl_fp16.safetensors;AUTO-DOWNLOAD;DELETE;auto-downloaded by ComfyUI-WanVideoWrapper, comfyui-depthanythingv2, comfyui-manager;0;depthanything;BUILD;same model, other build on disk: depth_anything_v2_vitl_fp32.safetensors (1.25 GB, 1 wf);yes;low;;"Half-precision twin of the fp32 large model that the demo workflow actually names; its only code refs are the pack's own dropdown and ComfyUI-WanVideoWrapper, which zero workflows use.";Kijai/DepthAnythingV2-safetensors;models/depthanything/depth_anything_v2_vitl_fp16.safetensors
;0.62;moge_2_vitl_normal_fp16.safetensors;LOADED;KEEP;comfyq: video_edit_ltx2_3_3dreal_vid2vid, video_edit_ltx2_3_ic_lora_vid2vid | candidate: 3d_pixal3d_trellis2_image_to_model.json | comfyui_staged: video_ltx2_3_ic_lora_vid2vid_template.json | demo: utility_sam3d_body_vid2rig.json | auto-downloaded by Pixal3D-ComfyUI;5;geometry_estimation;;;yes;high;;Referenced by four comfyq production bundles (3d_pixal3d_image_to_mesh, video_ltx2_3_3dReal_vid2vid, video_ltx2_3_ic_lora_vid2vid) plus a demo workflow, and it is Pixal3D's NATIVE_COMFY_MOGE_MODEL — the depth/normal estimator behind the LTX restyle bundles.;Ruicheng/moge-2-vitl-normal (Comfy-Org fp16 repack);models/geometry_estimation/moge_2_vitl_normal_fp16.safetensors
;0.61;ltx-2.3-22b-ic-lora-union-control-ref0.5.safetensors;LOADED;KEEP;comfyq: video_edit_ltx2_3_ic_lora_vid2vid | candidate: video_edit_ltx_2_5_iclora_union_control_distilled.json | comfyui_staged: video_ltx2_3_ic_lora_vid2vid_template.json | auto-downloaded by ComfyUI-LTXVideo, comfyui-manager;3;loras;;;yes;high;;"The unified depth/canny/pose in-context control LoRA driving ComfyQ's video_ltx2_3_ic_lora_vid2vid depth-restyle bundle; it is also what makes the LTX-2 19B control LoRAs redundant.";https://huggingface.co/Lightricks/LTX-2.3-22b-IC-LoRA-Union-Control;models/loras/ltx-2.3-22b-ic-lora-union-control-ref0.5.safetensors
;0.61;ltx-2-19b-ic-lora-canny-control.safetensors;LOADED;REVIEW;candidate: video_edit_ltx2_v2v_canny_control.json | auto-downloaded by ComfyUI-LTXVideo, comfyui-manager;1;loras;;;no;medium;;"Edge-guided video control for LTX-2 19B; only candidate/A_INTEGRER/video_ltx2_v2v_canny_control.json uses it, and the production 2.3 union-control LoRA already covers canny.";https://huggingface.co/Lightricks/LTX-2-19b-IC-LoRA-Canny-Control;models/loras/ltx-2-19b-ic-lora-canny-control.safetensors
;0.61;ltx-2-19b-ic-lora-depth-control.safetensors;LOADED;REVIEW;candidate: video_edit_ltx2_v2v_depth_control.json | auto-downloaded by ComfyUI-LTXVideo, comfyui-manager;1;loras;;;no;medium;;"Depth-guided video control for LTX-2 19B; only candidate/A_INTEGRER/video_ltx2_v2v_depth_control.json uses it, and the production 2.3 union-control LoRA already covers depth.";https://huggingface.co/Lightricks/LTX-2-19b-IC-LoRA-Depth-Control;models/loras/ltx-2-19b-ic-lora-depth-control.safetensors
;0.61;ltx-2-19b-ic-lora-pose-control.safetensors;AUTO-DOWNLOAD;KEEP;auto-downloaded by ComfyUI-LTXVideo, comfyui-manager;0;loras;;;no;low;;Pose-guided control for LTX-2 19B referenced by zero workflows anywhere - its only hits are the LTXVideo pack's own example_workflows and Manager's catalogue, and the 2.3 union-control LoRA in production already does pose.;https://huggingface.co/Lightricks/LTX-2-19b-IC-LoRA-Pose-Control;models/loras/ltx-2-19b-ic-lora-pose-control.safetensors
;0.59;wav2vec2_large_english_fp16.safetensors;AUTO-DOWNLOAD;REVIEW;auto-downloaded by ComfyUI-WanVideoWrapper;0;audio_encoders;;;yes;medium;;"Mandatory audio encoder for the installed wan2.2_s2v_14B_fp8_scaled (speech-to-video); the s2v model itself is unreferenced. Delete it only together with s2v - on its own it saves 0.59 GB and silently breaks the family.";Comfy-Org/Wan_2.2_ComfyUI_Repackaged (split_files/audio_encoders);models/audio_encoders/wav2vec2_large_english_fp16.safetensors
;0.59;lightx2v_T2V_14B_cfg_step_distill_v2_lora_rank64_bf16.safetensors;LOADED;KEEP;comfyq: image_edit_bernini_r_image_editing, image_edit_bernini_r_image_editing_with_reference, video_edit_bernini_r_video_editing, video_edit_bernini_r_video_editing_ref_autoprompt, video_edit_bernini_r_video_editing_with_reference | comfyui_staged: bernini_r_image_editing.json, berninir_video_edit_ref_image_autoprompt.json, test.json | auto-downloaded by ComfyUI-WanVideoWrapper;8;loras;;;yes;high;;The CFG-step distillation LoRA behind 'Fast mode' in all four served Bernini-R bundles (image editing, image editing with reference, video editing, video editing ref-autoprompt).;https://huggingface.co/Kijai/WanVideo_comfy;models/loras/lightx2v_T2V_14B_cfg_step_distill_v2_lora_rank64_bf16.safetensors
;0.59;moge_1_vitl_fp16.safetensors;AUTO-DOWNLOAD;REVIEW;auto-downloaded by Pixal3D-ComfyUI;0;geometry_estimation;;;yes;low;;"MoGe v1 — superseded by moge_2_vitl_normal_fp16 which every workflow on the rig uses; it appears in Pixal3D's path map but is never the default and no workflow selects it.";Ruicheng/moge-vitl (fp16 repack) — verify exact repo before deleting;models/geometry_estimation/moge_1_vitl_fp16.safetensors
;0.59;gemma-3-12b-it-abliterated_lora_rank64_bf16.safetensors;LOADED;KEEP;comfyq: video_edit_ltx2_3_3dreal_vid2vid, video_edit_ltx2_3_ic_lora_vid2vid, video_ltx2_3_i2v, video_ltx2_3_ia2v_iclora, video_ltx2_3_t2v | candidate: video_ltx2_3_ic_lora_ingredients.json | comfyui_staged: video_ltx2_3_ic_lora_vid2vid_template.json;7;loras;;;yes;high;;Patches the Gemma-3 text encoder for LTX's TextGenerateLTX2Prompt AI prompt-enhancer, loaded by five ComfyQ bundles (t2v, ia2v_iclora, ic_lora_vid2vid, 3dReal, i2v).;unknown -- check before deleting;models/loras/gemma-3-12b-it-abliterated_lora_rank64_bf16.safetensors
;0.56;minimax_h3_audio_vae_fp32.safetensors;LOADED;KEEP;comfyq: video_minimax_h3_t2v_turbo | candidate: video_edit_minimax_h3_fun_controlnet_union.json, video_edit_minimax_h3_v2v_video_reference.json, video_minimax_h3_i2v_4step_working.json, video_minimax_h3_t2v_turbo_4step_working.json | comfyui_staged: minimax_h3_v2v_video_reference_4step_WORKING.json, video_edit_minimax_h3_v2v_video_reference.json, video_minimax_h3_fun_controlnet_union_pose.json | demo: HR-Endless-Sampler_LONG.json, HR-Endless-Sampler_QUICKTEST.json, minimax_h3_raven_streaming_t2va.json | auto-downloaded by ComfyUI-HR-Endless-Sampler, ComfyUI-MiniMax-H3-RAVEN-Streaming, ComfyUI-OrbitSheets;11;vae;;;no;low;;"Decodes the synchronised audio track of the same production H3 bundle (VAEDecodeAudio); H3 is omni-modal so losing this breaks audio on every H3 render.";Comfy-Org/MiniMax-H3;models/vae/minimax_h3_audio_vae_fp32.safetensors
;0.54;triposplat_vae_decoder_fp16.safetensors;LOADED;KEEP;comfyq: 3d_triposplat_image_to_gaussian_splat | comfyui_staged: 3d_triposplat_image_to_gaussian_splat.json, 3d_triposplat_image_to_gaussian_splat_template.json, TextFlux_to_gaussian_splat .json;4;vae;;;yes;low;;Decodes the Gaussian splat in the same verified-on-rig ComfyQ TripoSplat production bundle.;Comfy-Org/TripoSplat;models/vae/triposplat_vae_decoder_fp16.safetensors
;0.54;Wan2_1_FlashVSR_LQ_proj_model_bf16.safetensors;AUTO-DOWNLOAD;REVIEW;auto-downloaded by ComfyUI-FlashVSR, ComfyUI-WanVideoWrapper;0;FlashVSR;;;yes;low;;The same LQ projection layer as LQ_proj_in.safetensors (575,692,608 vs 575,692,496 bytes — a 112-byte header difference), under the WanVideoWrapper naming for a loader no workflow uses.;1038lab/FlashVSR;models/FlashVSR/Wan2_1_FlashVSR_LQ_proj_model_bf16.safetensors
;0.54;LQ_proj_in.safetensors;AUTO-DOWNLOAD;REVIEW;auto-downloaded by ComfyUI-FlashVSR;0;FlashVSR;;;yes;medium;;"The low-quality input projection layer FlashVSR loads by this exact name; useless on its own — keep or delete it together with FlashVSR1_1.safetensors.";1038lab/FlashVSR;models/FlashVSR/LQ_proj_in.safetensors
;0.5;da3_base.safetensors;LOADED;KEEP;comfyui_staged: da3_video_multiview_depth.json | auto-downloaded by ComfyUI-DepthAnythingV3;1;depthanything3;;;yes;low;;"Mid speed/quality DA3 tier; a dropdown option only, superseded by the kept da3_large on a 5090 where speed is not the constraint.";depth-anything/DA3-BASE;models/depthanything3/da3_base.safetensors
;0.48;animal;AUTO-DOWNLOAD;REVIEW;auto-downloaded by comfyui-liveportraitkj;0;liveportrait;;;yes;medium;;The animal-face LivePortrait model set (animate cat/dog/animal portraits) — a real separate capability mirroring the human weights file-for-file, but no workflow in any collection uses the animal loader.;Kijai/LivePortrait_safetensors (animal/ subfolder);models/liveportrait/animal
;0.47;ema_vae_fp16.safetensors;LOADED;KEEP;comfyq: utility_seedvr2_4k_upscale, utility_seedvr2_hd_upscale | auto-downloaded by ComfyUI-HR-Endless-Sampler, seedvr2_videoupscaler;2;SEEDVR2;;;yes;high;;The shared VAE both SeedVR2 production bundles load — without it neither upscaler runs.;numz/SeedVR2_comfyUI (auto-downloaded by the seedvr2_videoupscaler pack);models/SEEDVR2/ema_vae_fp16.safetensors
;0.47;seedvr2_ema_vae_fp16.safetensors;LOADED;KEEP;candidate: utility_seedvr2_3b_int8_upscale_video.json, utility_seedvr2_7b_int8_upscale_image.json;2;vae;;;no;low;;VAE for the int8 SeedVR2 upscale workflows in candidate (3b video / 7b image), which pair with the installed seedvr2_*_int8_convrot models. Note it is a second copy of models/SEEDVR2/ema_vae_fp16.safetensors (the one ComfyQ production uses) under a different name in a different folder - but both loaders need their own path, so keep both.;numz/SeedVR2_comfyUI (or ByteDance-Seed/SeedVR2);models/vae/seedvr2_ema_vae_fp16.safetensors
;0.46;hunyuan_video_vae_bf16.safetensors;AUTO-DOWNLOAD;DELETE;auto-downloaded by comfyui-kjnodes, comfyui-manager;0;vae;;;yes;low;;FALSE used: matched only inside comfyui-kjnodes/example_workflows/ (a bundled sample, not real use) plus the manager catalogue. VAE for the original HunyuanVideo, whose transformer is absent.;Kijai/HunyuanVideo_comfy;models/vae/hunyuan_video_vae_bf16.safetensors
;0.44;krea2_coolblue.safetensors;PICKABLE;KEEP;student dropdown in image_krea2_turbo_t2i_lora;0;loras;;;no;high;never named in a workflow, but a student can select it;"Cool-blue palette style; marked unreferenced by filename matching but it IS served - the krea2_turbo_t2i_lora dropdown is populated by scanning models/loras for the krea2_ prefix.";https://huggingface.co/Comfy-Org/Krea-2 (loras/);models/loras/krea2_coolblue.safetensors
;0.44;krea2_darkbrush.safetensors;PICKABLE;KEEP;student dropdown in image_krea2_turbo_t2i_lora;0;loras;;;yes;high;never named in a workflow, but a student can select it;Monochrome ink-wash style, a selectable option in the production krea2_ dropdown (the filename filter puts every krea2_* file in the student's menu).;https://huggingface.co/Comfy-Org/Krea-2 (loras/);models/loras/krea2_darkbrush.safetensors
;0.44;krea2_dotmatrix.safetensors;PICKABLE;KEEP;student dropdown in image_krea2_turbo_t2i_lora;0;loras;;;no;high;never named in a workflow, but a student can select it;"Monochrome stippling style; live in the production krea2_ dropdown despite no literal JSON reference.";https://huggingface.co/Comfy-Org/Krea-2 (loras/);models/loras/krea2_dotmatrix.safetensors
;0.44;krea2_neondrip.safetensors;PICKABLE;KEEP;student dropdown in image_krea2_turbo_t2i_lora;0;loras;;;no;high;never named in a workflow, but a student can select it;"Textured abstract / neon-drip style; live in the production krea2_ dropdown despite no literal JSON reference.";https://huggingface.co/Comfy-Org/Krea-2 (loras/);models/loras/krea2_neondrip.safetensors
;0.44;krea2_plasmoid.safetensors;PICKABLE;KEEP;student dropdown in image_krea2_turbo_t2i_lora;0;loras;;;no;high;never named in a workflow, but a student can select it;"Plasmoid style; live in the production krea2_ dropdown despite no literal JSON reference.";https://huggingface.co/Comfy-Org/Krea-2 (loras/);models/loras/krea2_plasmoid.safetensors
;0.44;krea2_rainywindow.safetensors;PICKABLE;KEEP;student dropdown in image_krea2_turbo_t2i_lora;0;loras;;;no;high;never named in a workflow, but a student can select it;"Rainy-window style; live in the production krea2_ dropdown despite no literal JSON reference.";https://huggingface.co/Comfy-Org/Krea-2 (loras/);models/loras/krea2_rainywindow.safetensors
;0.44;krea2_retroanime.safetensors;PICKABLE;KEEP;student dropdown in image_krea2_turbo_t2i_lora;0;loras;;;no;high;never named in a workflow, but a student can select it;"Purple retro-anime style; live in the production krea2_ dropdown despite no literal JSON reference.";https://huggingface.co/Comfy-Org/Krea-2 (loras/);models/loras/krea2_retroanime.safetensors
;0.44;krea2_softwatercolor.safetensors;PICKABLE;KEEP;student dropdown in image_krea2_turbo_t2i_lora;0;loras;;;no;high;never named in a workflow, but a student can select it;"Art-deco watercolour style; live in the production krea2_ dropdown despite no literal JSON reference.";https://huggingface.co/Comfy-Org/Krea-2 (loras/);models/loras/krea2_softwatercolor.safetensors
;0.44;krea2_sunsetblur.safetensors;PICKABLE;KEEP;student dropdown in image_krea2_turbo_t2i_lora;0;loras;;;no;high;never named in a workflow, but a student can select it;"Ethereal motion-blur style; live in the production krea2_ dropdown despite no literal JSON reference.";https://huggingface.co/Comfy-Org/Krea-2 (loras/);models/loras/krea2_sunsetblur.safetensors
;0.44;krea2_vintagetarot.safetensors;PICKABLE;KEEP;student dropdown in image_krea2_turbo_t2i_lora;0;loras;;;no;high;never named in a workflow, but a student can select it;"Vintage-tarot style; live in the production krea2_ dropdown despite no literal JSON reference.";https://huggingface.co/Comfy-Org/Krea-2 (loras/);models/loras/krea2_vintagetarot.safetensors
;0.44;krea2_warmpastel.safetensors;PICKABLE;KEEP;student dropdown in image_krea2_turbo_t2i_lora;0;loras;;;no;high;never named in a workflow, but a student can select it;"Warm-pastel style; live in the production krea2_ dropdown despite no literal JSON reference.";https://huggingface.co/Comfy-Org/Krea-2 (loras/);models/loras/krea2_warmpastel.safetensors
;0.44;krea2_realism_lora.safetensors;LOADED;KEEP;comfyq: image_krea2_turbo_t2i_lora | student dropdown in image_krea2_turbo_t2i_lora;1;loras;;;yes;high;;The default value of the Style LoRA dropdown in the served krea2_turbo_t2i_lora bundle - every student run that does not change the dropdown loads this file.;https://huggingface.co/Comfy-Org/Krea-2 (loras/);models/loras/krea2_realism_lora.safetensors
;0.43;gemma-4-12B-it-qat-assistant-MTP-Q8_0.gguf;AUTO-DOWNLOAD;KEEP;auto-downloaded by ComfyUI-HR-Endless-Sampler;0;llama_cpp;;;no;high;;The speculative-decoding draft head. HREndlessSampler's gemma4_mtp input defaults to True and BOTH demo workflows have it on, so this file is loaded on every HR-Endless run — removing it degrades or breaks that path.;Janvitos/gemma-4-12B-it-qat-assistant-MTP-Q8_0-GGUF;models/llama_cpp/gemma-4-12b-it-qat-q4_0/gemma-4-12B-it-qat-assistant-MTP-Q8_0.gguf
;0.41;birefnet.safetensors;LOADED;KEEP;comfyq: 3d_triposplat_image_to_gaussian_splat | candidate: 3d_pixal3d_multi_views.json, 3d_pixal3d_trellis2_image_to_model.json | comfyui_staged: 3d_pixal3d_multi_views.json, 3d_triposplat_image_to_gaussian_splat.json, 3d_triposplat_image_to_gaussian_splat_template.json, TextFlux_to_gaussian_splat .json;7;background_removal;;;yes;high;;Named directly (api + meta + template) by the comfyq production bundle 3d_triposplat_image_to_gaussian_splat — it is the model behind that bundle's student-facing 'Auto-remove background' toggle.;Comfy-Org BiRefNet repack (ZhengPeng7/BiRefNet);models/background_removal/birefnet.safetensors
;0.35;ip-adapter-faceid-plusv2_sdxl_lora.safetensors;AUTO-DOWNLOAD;KEEP;auto-downloaded by comfyui-easy-use, comfyui-manager;0;loras;;;yes;low;;"The plusv2 SDXL variant, same auto-download wiring; only worth removing if you retire the whole SDXL stack, and it would come back by itself.";https://huggingface.co/h94/IP-Adapter-FaceID (auto-refetched by comfyui-easy-use);models/loras/ipadapter/ip-adapter-faceid-plusv2_sdxl_lora.safetensors
;0.35;ip-adapter-faceid_sdxl_lora.safetensors;AUTO-DOWNLOAD;KEEP;auto-downloaded by comfyui-easy-use, comfyui-manager;0;loras;;;yes;low;;"SDXL face-identity LoRA auto-fetched by comfyui-easy-use; needed alongside its .bin counterpart for face-consistent SDXL generation.";https://huggingface.co/h94/IP-Adapter-FaceID (auto-refetched by comfyui-easy-use);models/loras/ipadapter/ip-adapter-faceid_sdxl_lora.safetensors
;0.34;ltx-2.5-audio-vae-bf16.safetensors;LOADED;KEEP;candidate: video_edit_ltx_2_5_iclora_union_control_distilled.json, video_edit_ltx_2_5_v2v_iclora_single_stage_distilled.json, video_ltx2_5_flf2v.json, video_ltx2_5_i2v.json, video_ltx2_5_t2v.json | comfyui_staged: LTX-2.5_T2V_I2V_Two_Stage_Distilled.json | auto-downloaded by ComfyUI-LTXVideo, comfyui-manager;6;vae;;;no;low;;"Produces the synchronised audio track for the same 6 LTX 2.5 workflows; mandatory companion of the transformer-only 2.5 model.";Lightricks/LTX-2.5 (vae/);models/vae/ltx-2.5-audio-vae-bf16.safetensors
;0.34;LTX23_audio_vae_bf16.safetensors;AUTO-DOWNLOAD;REVIEW;auto-downloaded by WhatDreamsCost-ComfyUI;0;vae;;;yes;medium;;Same story: ComfyQ's LTXVAudioVAELoader points at the ltx-2.3-22b-dev-fp8 checkpoint, not this file. Only reference is a third-party pack's bundled example workflow.;Lightricks/LTX-Video (Comfy-Org LTX-2.3 repack, vae/);models/vae/LTX23_audio_vae_bf16.safetensors
;0.33;rotate_20_epochs.safetensors;LOADED;KEEP;comfyui_staged: wan2.1 rotate lora.json;1;loras;;;no;low;;"sha256-identical to 360_epoch20.safetensors - the same file stored twice under two names; delete this copy regardless of what you decide about the 360 capability.";identical local copy at loras/360_epoch20.safetensors;models/loras/rotate_20_epochs.safetensors
;0.31;flux2-vae.safetensors;LOADED;KEEP;comfyq: 3d_triposplat_image_to_gaussian_splat, image_edit_flux2_klein_9b_image_edit, image_edit_flux2_klein_9b_image_edit_ref, image_edit_flux2_klein_inpaint_prompt, image_edit_flux2_klein_inpaint_reference, image_edit_flux2_klein_ref_control_depth, image_flux2_klein_9b_t2i, image_ideogram4_t2i | candidate: utility_upscale_flux2_klein_9b_tiled_pid.json | comfyui_staged: 3d_triposplat_image_to_gaussian_splat.json, 3d_triposplat_image_to_gaussian_splat_template.json, TextFlux_to_gaussian_splat .json, flux2_edit_mask_inpainting.json, flux2_inpainting.json, flux2_inpainting_plus_masking.json, flux2_klein_inpaint_prompt_example.json, image_flux2_klein_image_edit_4b_base.json, image_flux2_klein_image_edit_4b_base_unsampler.json, image_flux2_text_to_image_9b.json, image_ideogram4_t2i.json | auto-downloaded by ComfyUI-Latent-Tiled-PiD, ComfyUI_moebius_inpainting;20;vae;;;yes;low;;Used by 8 ComfyQ production bundles (all 6 flux2_klein_*, image_ideogram4_t2i, 3d_triposplat). Deleting it breaks most of the image-generation library.;Comfy-Org/FLUX.2-dev (vae/);models/vae/flux2-vae.safetensors
;0.31;ae.safetensors;LOADED;KEEP;demo: asasr_super_resolution.json | auto-downloaded by ComfyUI-ASASR, ComfyUI-Latent-Tiled-PiD, comfyui-inpaint-cropandstitch, comfyui-manager +more;1;vae;;;yes;low;;The Flux.1 VAE - required by the installed flux1-dev and referenced by the demo workflow asasr_super_resolution.json, plus a genuine dependency of ComfyUI-ASASR and the inpaint-cropandstitch pack.;black-forest-labs/FLUX.1-schnell (ae.safetensors);models/vae/ae.safetensors
;0.31;sd-v1-vae.pth;AUTO-DOWNLOAD;KEEP;auto-downloaded by comfyui-nua-flashface;0;vae;;;yes;low;;SD1.5 VAE loaded by flashfacelib/ldm/models/vae.py:287. Same reasoning: the FlashFace face-identity pack is unused by all 181 workflows and its install.py re-fetches this file on demand.;shilongz/FlashFace-SD1.5;models/vae/sd-v1-vae.pth
;0.31;vae-ft-mse-840000-ema-pruned.safetensors;LOADED;KEEP;candidate: video_edit_ltx2_v2v_depth_control.json | auto-downloaded by ComfyUI_Comfyroll_CustomNodes, comfyui-easy-use, comfyui-manager;1;vae;;;yes;low;;The standard SD1.5 improved VAE - referenced by an candidate LTX depth-control workflow and hardcoded as the default in Comfyroll and comfyui-easy-use. The rig's 9 SD1.5 checkpoints look washed out without it. 0.31 GB.;stabilityai/sd-vae-ft-mse-original;models/vae/vae-ft-mse-840000-ema-pruned.safetensors
;0.3;ltx-2.5-22b-ic-lora-pixel-spatial-upscaler-x2-1.0.safetensors;LOADED;REVIEW;candidate: video_edit_ltx_2_5_v2v_iclora_single_stage_distilled.json;1;loras;;;no;medium;;"2x spatial upscaler IC-LoRA for the LTX 2.5 line; only candidate references it, but the matching LTX 2.5 base (ltx-2.5-22b-distilled-transformer-comfy-int8-convrot) IS installed, so this is a live next-gen path.";"unknown -- Lightricks LTX-2.5 IC-LoRA; check before deleting";models/loras/ltx-2.5-22b-ic-lora-pixel-spatial-upscaler-x2-1.0.safetensors
;0.3;ltx-2-19b-lora-camera-control-dolly-left.safetensors;AUTO-DOWNLOAD;DELETE;auto-downloaded by ComfyUI-LTXVideo, comfyui-manager;0;loras;;;no;low;;"One of eight per-move LTX-2 19B camera-control LoRAs and the only one ever downloaded; nothing references it (README mention only), so it is a lone fragment of an abandoned set.";https://huggingface.co/Lightricks/LTX-2-19b-LoRA-Camera-Control-Dolly-Left;models/loras/ltx-2-19b-lora-camera-control-dolly-left.safetensors
;0.3;3DREAL-strong.safetensors;LOADED;KEEP;comfyq: video_edit_ltx2_3_3dreal_vid2vid;1;loras;;;yes;high;;The IC-LoRA that turns a rough 3D render into a photoreal clip in ComfyQ's video_ltx2_3_3dReal_vid2vid.api.json - the bundle's whole reason to exist.;"unknown -- community LTX IC-LoRA; check before deleting";models/loras/3DREAL-strong.safetensors
;0.3;sam2_hiera_base_plus.safetensors;AUTO-DOWNLOAD;REVIEW;auto-downloaded by ComfyUI-WanVideoWrapper, comfyui-segment-anything-2, comfyui-tensorops;0;sam2;;;yes;low;;SAM 2 base-plus video/image segmentation. All three code refs (comfyui-segment-anything-2, ComfyUI-WanVideoWrapper, comfyui-tensorops) are packs used by ZERO workflows, and ComfyQ's production segmentation bundle utility_video_segment_sam3 uses comfy-core SAM3 instead — so this is a superseded generation of the same capability.;Kijai/sam2-safetensors;models/sam2/sam2_hiera_base_plus.safetensors
;0.27;qwen-image-edit-2511-multiple-angles-lora.safetensors;LOADED;KEEP;comfyq: image_edit_qwen_multiple_character_angles | auto-downloaded by ComfyUI-Trellis2;1;loras;;;yes;high;;The 2511-generation camera-re-angle LoRA powering qwen_multiple_character_angles.api.json (turnaround views of an uploaded subject).;"unknown -- HF Qwen-Image-Edit-2511 multiple-angles LoRA; check before deleting";models/loras/qwen-image-edit-2511-multiple-angles-lora.safetensors
;0.24;ltx-2.5-latent-temporal-upscaler-x2-bf16-1.0.safetensors;AUTO-DOWNLOAD;REVIEW;auto-downloaded by comfyui-manager;0;latent_upscale_models;;;no;low;;"FALSE used:true — its only matches are comfyui-manager's model-list.json (the Manager's download catalogue, which names thousands of models nobody has) and the LTXVideo README; no workflow in any collection references it, and even LTXVideo's own example workflows don't. It is the frame-rate (temporal) counterpart of the 2.5 spatial upscaler. At 0.24 GB it is noise — keep it with the rest of the L…";Lightricks/LTX-2.5 (latent_upscale_models/) — gated repo, requires accepting the licence;models/latent_upscale_models/ltx-2.5-latent-temporal-upscaler-x2-bf16-1.0.safetensors
;0.24;Wan2.1_VAE.safetensors;AUTO-DOWNLOAD;REVIEW;auto-downloaded by ComfyUI-FlashVSR;0;FlashVSR;BUILD;same model, other build on disk: Wan2_1_VAE_bf16.safetensors (0.24 GB, 15 wf), wan_2.1_vae.safetensors (0.24 GB, 4 wf);yes;medium;;"The Wan 2.1 VAE that the FlashVSR pipeline loads from its own folder; tie its fate to FlashVSR1_1.safetensors (note this is a FlashVSR-local copy, not the shared wan_2.1_vae the Wan bundles use).";1038lab/FlashVSR;models/FlashVSR/Wan2.1_VAE.safetensors
;0.24;wan_2.1_vae.safetensors;LOADED;KEEP;comfyq: video_wan22_4_key_frames | comfyui_staged: templates-4-key-frames_autoprompt.json, video_wan22_4_key-frames_template.json, wan2.1 rotate lora.json | auto-downloaded by comfyui-manager;4;vae;BUILD;same model, other build on disk: Wan2.1_VAE.safetensors (0.24 GB, 0 wf), Wan2_1_VAE_bf16.safetensors (0.24 GB, 15 wf);yes;low;;Decoder for the ComfyQ production bundle video_wan22_4_key-frames (all 3 FLF2V segments). The manager-catalogue hit is noise, but the workflow reference is real.;Comfy-Org/Wan_2.1_ComfyUI_repackaged;models/vae/wan_2.1_vae.safetensors
;0.24;Wan2_1_VAE_bf16.safetensors;LOADED;KEEP;comfyq: image_edit_bernini_r_image_editing, image_edit_bernini_r_image_editing_with_reference, video_edit_bernini_r_video_editing, video_edit_bernini_r_video_editing_ref_autoprompt, video_edit_bernini_r_video_editing_with_reference | candidate: video_edit_idv2v_01_restyle_compare.json, video_edit_idv2v_02_restyle_hires_clean.json, video_edit_wan21_scail2_character_replacement_int8.json, video_edit_wan_animate2_distilled.json | comfyui_staged: bernini_r_image_editing.json, berninir_video_edit_ref_image_autoprompt.json, idv2v_01_restyle_compare.json, idv2v_02_restyle_hires_clean.json, test.json, video_wan_animate2.json | auto-downloaded by ComfyUI-Dynamic-Lora-Scheduler, ComfyUI-WanVideoWrapper;15;vae;BUILD;same model, other build on disk: Wan2.1_VAE.safetensors (0.24 GB, 0 wf), wan_2.1_vae.safetensors (0.24 GB, 4 wf);yes;low;;The Kijai-wrapper-named copy of the same Wan 2.1 VAE - referenced by ALL 5 Bernini production bundles (image editing x2, video editing x3) plus 5 candidate Wan workflows. A duplicate of wan_2.1_vae in content, but both filenames are live production refs at 0.24 GB each.;Kijai/WanVideo_comfy;models/vae/Wan2_1_VAE_bf16.safetensors
;0.24;marigold_v2_depth_log_stage2_vae.safetensors;LOADED;KEEP;candidate: utility_marigold_v2_depth.json;1;vae;;;no;;;;;models/vae/marigold_v2/marigold_v2_depth_log_stage2_vae.safetensors
;0.24;marigold_v2_normals_vae.safetensors;LOADED;KEEP;candidate: utility_marigold_v2_normals.json;1;vae;;;no;;;;;models/vae/marigold_v2/marigold_v2_normals_vae.safetensors
;0.24;qwen_image_vae.safetensors;LOADED;KEEP;comfyq: image_edit_qwen_multiple_character_angles, image_edit_qwen_multiple_scene_angles, image_krea2_turbo_t2i_lora | candidate: image_edit_dynamiccharactersheet_krea2_v1.json, image_edit_quadview_krea2_v1.json, utility_upscale_krea2_turbo_2mp_to_33mp.json | comfyui_staged: Image_DynamicCharacterSheet_krea2_v1.json | auto-downloaded by ComfyUI-Latent-Tiled-PiD, ComfyUI-OrbitSheets, ComfyUI-Trellis2, comfyui-krea2edit +more;7;vae;;;yes;low;;Used by 4 ComfyQ production bundles (krea2_turbo_t2i_lora, qwen_multiple_character_angles, qwen_multiple_scene_angles) plus 3 candidate workflows. Core of the Qwen/Krea image line.;Comfy-Org/Qwen-Image_ComfyUI (split_files/vae);models/vae/qwen_image_vae.safetensors
;0.23;full_encoder_small_decoder.safetensors;LOADED;KEEP;comfyq: image_edit_flux2_dev_image_edit, image_edit_flux2_klein_9b_image_edit, image_edit_flux2_klein_9b_image_edit_ref, image_flux2_dev_t2i, image_flux2_klein_9b_t2i | comfyui_staged: flux2_klein_9b_image_edit_ref_template.json;6;vae;;;yes;low;;The Flux.2 VAE variant used by the verified-on-rig flux2_dev_image_edit and flux2_dev_t2i production bundles (and 3 klein templates).;Comfy-Org/FLUX.2-dev;models/vae/full_encoder_small_decoder.safetensors
;0.23;rt_detr_v4-x-hgnet_fp32.safetensors;LOADED;KEEP;demo: utility_sam3d_body_vid2rig.json;1;diffusion_models;BUILD;same model, other build on disk: rt_detr_v4-x-hgnet_fp16.safetensors (0.12 GB, 2 wf);no;medium;;"RT-DETR v4 object/person detector (bbox stage) - demo:utility_sam3d_body_vid2rig.json names this fp32 build specifically; tiny.";Comfy-Org/SDPose (diffusion_models/rt_detr_v4-x-hgnet_fp32.safetensors);models/diffusion_models/rt_detr_v4-x-hgnet_fp32.safetensors
;0.23;clip_l.safetensors;LOADED;KEEP;demo: asasr_super_resolution.json | auto-downloaded by ComfyUI-ASASR, comfyui-inpaint-cropandstitch, comfyui-kjnodes, comfyui-manager +more;1;text_encoders;;;no;low;;Generic SD/FLUX CLIP-L used by demo:asasr_super_resolution and named in five installed packs (ASASR, inpaint-cropandstitch, kjnodes, rmbg, manager) that may auto-fetch it — 0.23 GB, never worth touching.;https://huggingface.co/comfyanonymous/flux_text_encoders/resolve/main/clip_l.safetensors;models/text_encoders/clip_l.safetensors
;0.22;Qwen-Edit-2509-Multiple-angles.safetensors;LOADED;KEEP;comfyq: image_edit_qwen_multiple_scene_angles;1;loras;;;yes;high;;The camera-re-angle LoRA that IS the qwen_multiple_scene_angles bundle (upload a scene, ask for a new viewpoint).;https://huggingface.co/dx8152/Qwen-Edit-2509-Multiple-angles;models/loras/Qwen-Edit-2509-Multiple-angles.safetensors
;0.22;krea2_embroidered-textile-diorama-comfy.safetensors;PICKABLE;KEEP;student dropdown in image_krea2_turbo_t2i_lora;0;loras;;;no;high;never named in a workflow, but a student can select it;"Embroidered-textile-diorama style (half the size of the official set, so likely community/custom); still served, because the dropdown lists every krea2_* file on disk.";"unknown -- not in the official Comfy-Org/Krea-2 table; check before deleting";models/loras/krea2_embroidered-textile-diorama-comfy.safetensors
;0.21;krea2_nos_invisibles_krea2.safetensors;PICKABLE;KEEP;student dropdown in image_krea2_turbo_t2i_lora;0;loras;;;no;high;never named in a workflow, but a student can select it;"A krea2-base LoRA named after a project ('Nos Invisibles') - almost certainly trained in-house, and it is also a live option in the production dropdown; there is no source to re-download it from.";unknown -- appears to be self-trained, irreplaceable;models/loras/krea2_nos_invisibles_krea2.safetensors
;0.21;spade_generator.safetensors;AUTO-DOWNLOAD;KEEP;auto-downloaded by comfyui-liveportraitkj;0;liveportrait;;;yes;high;;Core generator of the comfyq production bundle video_liveportrait_image2video (verified on rig) — drives the animated talking-head frames.;Kijai/LivePortrait_safetensors;models/liveportrait/spade_generator.safetensors
;0.18;depth_anything_v2_vitb_fp16.safetensors;AUTO-DOWNLOAD;DELETE;auto-downloaded by comfyui-depthanythingv2, comfyui-manager;0;depthanything;;;yes;low;;"Base-tier speed variant of DAv2; dropdown option only, no workflow reference, and the fp32 large is kept.";Kijai/DepthAnythingV2-safetensors;models/depthanything/depth_anything_v2_vitb_fp16.safetensors
;0.17;warping_module.safetensors;AUTO-DOWNLOAD;KEEP;auto-downloaded by comfyui-liveportraitkj;0;liveportrait;;;yes;high;;"Warping module of the same production LivePortrait pipeline; loaded by DownloadAndLoadLivePortraitModels on every run.";Kijai/LivePortrait_safetensors;models/liveportrait/warping_module.safetensors
;0.17;TCDecoder.safetensors;AUTO-DOWNLOAD;REVIEW;auto-downloaded by ComfyUI-FlashVSR;0;FlashVSR;;;yes;medium;;"FlashVSR's temporally-consistent decoder; only loadable by the unused ComfyUI-FlashVSR pack — delete or keep with the rest of the family.";1038lab/FlashVSR;models/FlashVSR/TCDecoder.safetensors
;0.16;mmproj-gemma-4-12b-it-qat-q4_0.gguf;AUTO-DOWNLOAD;KEEP;auto-downloaded by ComfyUI-HR-Endless-Sampler;0;llama_cpp;;;no;high;;The multimodal projector — without it Gemma 4 cannot see the rendered frames, so the whole visual-directing chunk-planning feature of the demo HR-Endless workflows stops working. gemma4.py requires model + mmproj together.;auto-downloaded by ComfyUI-HR-Endless-Sampler/gemma4.py (mmproj for Gemma 4 12B IT QAT);models/llama_cpp/gemma-4-12b-it-qat-q4_0/mmproj-gemma-4-12b-it-qat-q4_0.gguf
;0.16;vae;LOADED;REVIEW;comfyq: 3d_triposplat_image_to_gaussian_splat, audio_stable_audio_3_medium, image_edit_bernini_r_image_editing, image_edit_bernini_r_image_editing_with_reference, image_edit_flux2_dev_image_edit, image_edit_flux2_klein_9b_image_edit, image_edit_flux2_klein_9b_image_edit_ref, image_edit_flux2_klein_inpaint_prompt, image_edit_flux2_klein_inpaint_reference, image_edit_flux2_klein_ref_control_depth, image_edit_qwen_multiple_character_angles, image_edit_qwen_multiple_scene_angles, image_flux2_dev_t2i, image_flux2_klein_9b_t2i, image_ideogram4_t2i, image_krea2_turbo_t2i_lora, utility_seedvr2_4k_upscale, utility_seedvr2_hd_upscale, video_edit_bernini_r_video_editing, video_edit_bernini_r_video_editing_ref_autoprompt, video_edit_bernini_r_video_editing_with_reference, video_edit_ltx2_3_3dreal_vid2vid, video_edit_ltx2_3_ic_lora_vid2vid, video_liveportrait_image2video, video_ltx2_3_flf2v, video_ltx2_3_i2v, video_ltx2_3_ia2v_iclora, video_ltx2_3_t2v, video_minimax_h3_t2v_turbo, video_wan22_4_key_frames | candidate: 3d_pixal3d_multi_views.json, 3d_pixal3d_trellis2_image_to_model.json, image_edit_dynamiccharactersheet_krea2_v1.json, image_edit_quadview_krea2_v1.json, utility_marigold_v2_depth.json, utility_marigold_v2_normals.json, utility_seedvr2_3b_int8_upscale_video.json, utility_seedvr2_7b_int8_upscale_image.json, utility_upscale_flux2_klein_9b_tiled_pid.json, utility_upscale_krea2_turbo_2mp_to_33mp.json, video_edit_idv2v_01_restyle_compare.json, video_edit_idv2v_02_restyle_hires_clean.json, video_edit_ltx2_v2v_canny_control.json, video_edit_ltx2_v2v_depth_control.json, video_edit_ltx_2_5_iclora_union_control_distilled.json, video_edit_ltx_2_5_v2v_iclora_single_stage_distilled.json, video_edit_minimax_h3_fun_controlnet_union.json, video_edit_minimax_h3_v2v_video_reference.json, video_edit_wan21_scail2_character_replacement_int8.json, video_edit_wan_animate2_distilled.json, video_ltx2_3_ic_lora_ingredients.json, video_ltx2_5_flf2v.json, video_ltx2_5_i2v.json, video_ltx2_5_t2v.json, video_minimax_h3_i2v_4step_working.json, video_minimax_h3_t2v_turbo_4step_working.json | comfyui_staged: 3d_pixal3d_multi_views.json, 3d_triposplat_image_to_gaussian_splat.json, 3d_triposplat_image_to_gaussian_splat_template.json, Image_DynamicCharacterSheet_krea2_v1.json, LTX-2.5_T2V_I2V_Two_Stage_Distilled.json, TextFlux_to_gaussian_splat .json, audio_stable_audio_3_medium.json, bernini_r_image_editing.json, berninir_video_edit_ref_image_autoprompt.json, da3_video_multiview_depth.json, flux2_edit_mask_inpainting.json, flux2_inpainting.json, flux2_inpainting_plus_masking.json, flux2_klein_9b_image_edit_ref_template.json, flux2_klein_inpaint_prompt_example.json, idv2v_00_grab_first_frame.json, idv2v_01_restyle_compare.json, idv2v_02_restyle_hires_clean.json, image_flux2_klein_image_edit_4b_base.json, image_flux2_klein_image_edit_4b_base_unsampler.json, image_flux2_text_to_image_9b.json, image_ideogram4_t2i.json, minimax_h3_v2v_video_reference_4step_WORKING.json, templates-4-key-frames_autoprompt.json, test.json, video_edit_minimax_h3_v2v_video_reference.json, video_liveportrait_image2video_template.json, video_ltx2_3_ic_lora_vid2vid_template.json, video_minimax_h3_fun_controlnet_union_pose.json, video_wan22_4_key-frames_template.json, video_wan_animate2.json, wan2.1 rotate lora.json | demo: Archives/_Memoire_et_territoire/flux1-dev-fp8_Nantes-LoraMultiple.json, Archives/_Memoire_et_territoire/flux1-dev-fp8_Nantes-LoraSimple.json, HR-Endless-Sampler_LONG.json, HR-Endless-Sampler_QUICKTEST.json, Preprocessors/utility-depthAnything-v2-relative-video.json, Preprocessors/utility-frame_interpolation-film.json, Preprocessors/utility-lineart-video.json, Preprocessors/utility-normal_crafter-video.json, Preprocessors/utility-openpose-video.json, asasr_super_resolution.json, minimax_h3_raven_streaming_t2va.json | auto-downloaded by comfyui-kjnodes;99;moebius;;;yes;medium;;FALSE 'used' — this unit is just a folder literally named 'vae' holding config.json + diffusion_pytorch_model.bin, and the 27 claimed workflow hits are generic-name matches (I grepped: 'diffusion_pytorch_model' appears in zero comfyq workflows). It is the PixelHacker VAE the Moebius pipeline needs — worthless without the Moebius checkpoints, mandatory if you keep them.;hustvl/PixelHacker (vae/config.json + vae/diffusion_pytorch_model.bin);models/moebius/vae
;0.15;flux2_klein_9b_refcontrol_depth.safetensors;LOADED;KEEP;comfyq: image_edit_flux2_klein_ref_control_depth;1;loras;;;yes;high;;Depth-reference control LoRA that makes ComfyQ's flux2_klein_ref_control_depth pose-transfer bundle work (structure from one image, appearance from another).;"unknown -- Comfy-Org FLUX.2 Klein refcontrol; check before deleting";models/loras/flux2_klein_9b_refcontrol_depth.safetensors
;0.14;TRELLIS-image-large;AUTO-DOWNLOAD;KEEP;auto-downloaded by ComfyUI-Trellis2;0;microsoft;;;yes;high;;"Trellis2 loads ckpts/ss_dec_conv3d_16l8_fp16.safetensors from here as the sparse-structure decoder for every run; small and it auto-refetches, but it is a live dependency.";microsoft/TRELLIS-image-large (ckpts/ss_dec_conv3d_16l8_fp16.safetensors + .json);models/microsoft/TRELLIS-image-large
;0.13;da3_small.safetensors;AUTO-DOWNLOAD;DELETE;auto-downloaded by ComfyUI-DepthAnythingV3;0;depthanything3;;;yes;low;;"Smallest DA3 tier; dropdown option only, nothing references it and da3_large is kept.";depth-anything/DA3-SMALL;models/depthanything3/da3_small.safetensors
;0.12;rt_detr_v4-x-hgnet_fp16.safetensors;LOADED;REVIEW;candidate: video_edit_minimax_h3_fun_controlnet_union.json | comfyui_staged: video_minimax_h3_fun_controlnet_union_pose.json;2;diffusion_models;BUILD;same model, other build on disk: rt_detr_v4-x-hgnet_fp32.safetensors (0.23 GB, 1 wf);no;low;RE-OPENED by the rescan: this is in use, the old DELETE verdict was wrong;Redundant half-precision copy of the RT-DETR detector above - the demo workflow explicitly loads the fp32 filename and nothing references fp16 (trivial 120 MB, delete only for tidiness).;Comfy-Org/SDPose;models/diffusion_models/rt_detr_v4-x-hgnet_fp16.safetensors
;0.11;video_depth_anything_vits.pth;LOADED;REVIEW;candidate: video_edit_ltx_2_5_iclora_union_control_distilled.json | auto-downloaded by ComfyUI-LTXVideo, ComfyUI-Video-Depth-Anything;1;videodepthanything;;;no;low;;"Temporally-consistent video depth (small tier). Weak justification: the ComfyUI-LTXVideo 'code' hit is the pack's own BUNDLED EXAMPLE workflows (example_workflows/2.3 + 2.5 ICLoRA Union Control), and the only real workflow hit is candidate:LTX-2.5_ICLoRA_Union_Control_Distilled.json — a copy of that same example in the Downloads staging folder. No comfyq or demo workflow uses it; tiny, so low pri…";depth-anything/Video-Depth-Anything-Small;models/videodepthanything/video_depth_anything_vits.pth
;0.11;asasr_dpo_lora.safetensors;LOADED;KEEP;demo: asasr_super_resolution.json | auto-downloaded by ComfyUI-ASASR;1;loras;;;yes;high;;"The DPO companion LoRA the same ASASR pipeline loads; also named in asasr_models.py and used by the demo workflow.";re-copy from custom_nodes/ComfyUI-ASASR/ASASR/checkpoints/dpo_lora/;models/loras/ASASR/asasr_dpo_lora.safetensors
;0.11;landmark_model.pth;AUTO-DOWNLOAD;REVIEW;auto-downloaded by comfyui-liveportraitkj;0;liveportrait;BUILD;same model, other build on disk: landmark.onnx (0.11 GB, 0 wf);yes;low;;"The Torch fallback for the landmark runner — the pack's main downloader explicitly EXCLUDES it (ignore_patterns=""*landmark_model.pth*"") and the production bundle uses the ONNX path; only LandmarkRunnerTorch touches it, and it re-fetches itself on demand.";Kijai/LivePortrait_safetensors (landmark_model.pth);models/liveportrait/landmark_model.pth
;0.11;landmark.onnx;AUTO-DOWNLOAD;KEEP;auto-downloaded by comfyui-liveportraitkj;0;liveportrait;BUILD;same model, other build on disk: landmark_model.pth (0.11 GB, 0 wf);yes;high;;cropper.py hardcodes models/liveportrait/landmark.onnx for the LandmarkRunner, and the production bundle wires LivePortraitLoadMediaPipeCropper with landmarkrunner_onnx_device=CUDA — this is the face-landmark model that actually runs.;Kijai/LivePortrait_safetensors;models/liveportrait/landmark.onnx
;0.1;motion_extractor.safetensors;AUTO-DOWNLOAD;KEEP;auto-downloaded by comfyui-liveportraitkj;0;liveportrait;;;yes;high;;Extracts head pose and eye/lip motion from the driving video — required by the production LivePortrait bundle.;Kijai/LivePortrait_safetensors;models/liveportrait/motion_extractor.safetensors
;0.1;retinaface_resnet50.pth;AUTO-DOWNLOAD;DELETE;auto-downloaded by comfyui-nua-flashface;0;face_detection;;;yes;low;;RetinaFace ResNet-50 face detector downloaded solely by the same unused comfyui-nua-flashface pack — nothing else on the rig reads models/face_detection.;shilongz/FlashFace-SD1.5 (retinaface_resnet50.pth);models/face_detection/retinaface_resnet50.pth
;0.08;Wan21_CausVid_bidirect2_T2V_1_3B_lora_rank32.safetensors;AUTO-DOWNLOAD;KEEP;auto-downloaded by ComfyUI-WanVideoWrapper;0;loras;;;no;low;;The 1.3B CausVid variant, 'used' only via WanVideoWrapper's bundled EchoShot/UniLumos example workflows - superseded by lightx2v and trivially re-fetched.;https://huggingface.co/Kijai/WanVideo_comfy;models/loras/Wan21_CausVid_bidirect2_T2V_1_3B_lora_rank32.safetensors
DELETE;0.07;[LoRa] Rocycloud  雲海 Concept.safetensors;UNUSED;REVIEW;;0;loras;;;yes;low;;"Sea-of-clouds concept-art style for SD1.5; unreferenced legacy style, and the bracketed/CJK filename makes it awkward to reference from a workflow anyway.";"unknown -- civitai 'Rocycloud'; check before deleting";models/loras/sdv1-5/[LoRa] Rocycloud  雲海 Concept.safetensors
;0.06;film_net_fp16.safetensors;LOADED;KEEP;comfyq: utility_video_frame_interpolation;1;frame_interpolation;;;yes;low;;PRODUCTION — loaded by the comfy-core FrameInterpolationModelLoader in the ComfyQ bundle utility_video_frame_interpolation (api.json, meta.json and template), the rig-verified video smoothing / slow-motion utility served to students.;Comfy-Org frame-interpolation model release — check before deleting;models/frame_interpolation/film_net_fp16.safetensors
;0.06;4x_foolhardy_Remacri.pth;LOADED;KEEP;comfyui_staged: wan2.1 rotate lora.json | auto-downloaded by comfyui-manager;1;upscale_models;;;yes;low;;"FALSE ""used"" — matched only comfyui-manager's 562-entry download catalogue, not any workflow; but it is the best generic 4x photo upscaler of the three (sharper detail than RealESRGAN) and at 64 MB it is the sensible one to retain as the manual-upscale fallback.";FacehugmanIII/4x_foolhardy_Remacri (file 4x_foolhardy_Remacri.pth);models/upscale_models/4x_foolhardy_Remacri.pth
;0.05;ip-adapter-faceid-plusv2_sd15_lora.safetensors;AUTO-DOWNLOAD;KEEP;auto-downloaded by comfyui-easy-use, comfyui-manager;0;loras;;;yes;low;;"Same auto-download path in comfyui-easy-use's config.py; deleting it just means the pack re-downloads it on next use.";https://huggingface.co/h94/IP-Adapter-FaceID (auto-refetched by comfyui-easy-use);models/loras/ipadapter/ip-adapter-faceid-plusv2_sd15_lora.safetensors
;0.05;ip-adapter-faceid_sd15_lora.safetensors;AUTO-DOWNLOAD;KEEP;auto-downloaded by comfyui-easy-use, comfyui-manager;0;loras;;;yes;low;;comfyui-easy-use auto-fetches this from a hardcoded URL in py/config.py whenever an IPAdapter-FaceID node runs - a genuine runtime dep, and 50 MB, so there is no reason to remove it.;https://huggingface.co/h94/IP-Adapter-FaceID (auto-refetched by comfyui-easy-use);models/loras/ipadapter/ip-adapter-faceid_sd15_lora.safetensors
;0.05;depth_anything_v2_vits_fp16.safetensors;LOADED;KEEP;comfyui_staged: Preprocess_videos.json | auto-downloaded by comfyui-depthanythingv2, comfyui-manager;1;depthanything;;;yes;low;;"Smallest DAv2 tier; dropdown option only, no workflow reference.";Kijai/DepthAnythingV2-safetensors;models/depthanything/depth_anything_v2_vits_fp16.safetensors
;0.05;sd_xl_offset_example-lora_1.0.safetensors;AUTO-DOWNLOAD;REVIEW;auto-downloaded by comfyui-manager;0;loras;;;yes;low;;"Stability's noise-offset demo LoRA shipped with SDXL base (improves very dark/bright output); used:true is false - Manager's catalogue only - but it is 50 MB and trivially re-fetched.";https://huggingface.co/stabilityai/stable-diffusion-xl-base-1.0/resolve/main/sd_xl_offset_example-lora_1.0.safetensors;models/loras/sdxl/sd_xl_offset_example-lora_1.0.safetensors
;0.02;taeltx2_3.safetensors;AUTO-DOWNLOAD;KEEP;auto-downloaded by WhatDreamsCost-ComfyUI;0;vae;;;yes;low;;20 MB tiny autoencoder for fast latent previews during LTX 2.3 sampling. Technically only referenced by a pack's example workflows, but at 0.02 GB deleting it is pure noise.;Lightricks/LTX-Video (taeltx2_3);models/vae/taeltx2_3.safetensors
;0.01;taeh3.safetensors;LOADED;KEEP;demo: HR-Endless-Sampler_LONG.json, HR-Endless-Sampler_QUICKTEST.json | auto-downloaded by ComfyUI-HR-Endless-Sampler;2;vae_approx;;;no;low;;"Tiny AutoEncoder for MiniMax H3 latents (96-wide, 4 upsamples — core's decoder cannot build it, which is why kjnodes ships a custom loader); genuinely used by comfyui-kjnodes/nodes/tiny_vae.py, ComfyUI-HR-Endless-Sampler/preview.py and two demo workflows, and directly relevant now the rig serves the MiniMax H3 turbo bundle.";"unknown — distributed alongside ComfyUI-HR-Endless-Sampler / kjnodes; check before deleting";models/vae_approx/taeh3.safetensors
;0.01;face_yolov8n.pt;AUTO-DOWNLOAD;KEEP;auto-downloaded by comfyui-manager;0;ultralytics;;;yes;low;;"FALSE ""used"" — matched only comfyui-manager's catalogue, whose entry targets ultralytics/bbox for Impact Pack's UltralyticsDetectorProvider, and Impact Pack is not among the 46 installed packs; but this nano YOLOv8 face detector is still readable by comfyui-rmbg's AILab_YoloV8Adv and is the ONLY .pt in models/ultralytics, so deleting it empties that node's dropdown for a 6 MB saving.";Bingsu/adetailer (file face_yolov8n.pt);models/ultralytics/face_yolov8n.pt
;0.0;Prompt.safetensors;AUTO-DOWNLOAD;REVIEW;auto-downloaded by ComfyUI-FlashVSR;0;FlashVSR;;;yes;low;;"4 MB baked prompt-embedding tensor FlashVSR loads at startup; zero reclaim, delete only alongside the rest of the FlashVSR folder.";1038lab/FlashVSR;models/FlashVSR/Prompt.safetensors
;0.0;appearance_feature_extractor.safetensors;AUTO-DOWNLOAD;KEEP;auto-downloaded by comfyui-liveportraitkj;0;liveportrait;;;yes;high;;"3 MB appearance encoder loaded with the rest of the production LivePortrait model set; zero reclaim and breaking the bundle if removed.";Kijai/LivePortrait_safetensors;models/liveportrait/appearance_feature_extractor.safetensors
;0.0;marigold_v2_albedo_conditioning.safetensors;UNUSED;REVIEW;;0;embeddings;;;no;;;;;models/embeddings/marigold_v2/marigold_v2_albedo_conditioning.safetensors
;0.0;marigold_v2_normals_conditioning.safetensors;LOADED;KEEP;candidate: utility_marigold_v2_normals.json;1;embeddings;;;no;;;;;models/embeddings/marigold_v2/marigold_v2_normals_conditioning.safetensors
;0.0;marigold_v2_depth_conditioning.safetensors;LOADED;KEEP;candidate: utility_marigold_v2_depth.json;1;embeddings;;;no;;;;;models/embeddings/marigold_v2/marigold_v2_depth_conditioning.safetensors
